suite,case,status,sim_result,host_result,sim_log,host_log,note
BasicMathFunctions,abs_riscv_abs_f32,MATCH,@@RESULT@@ case=abs_riscv_abs_f32 hash=0x1f9d52cd,@@RESULT@@ case=abs_riscv_abs_f32 hash=0x1f9d52cd,/home/zhangfulin/RISCV-VLIW/Zircon-VLIW/RV-Software/nmsis-dsp-port/build/benchmark-result-compare/sim/BasicMathFunctions.log,/home/zhangfulin/RISCV-VLIW/Zircon-VLIW/RV-Software/nmsis-dsp-port/build/benchmark-result-compare/host/BasicMathFunctions.run.log,
BasicMathFunctions,abs_riscv_abs_q31,MATCH,@@RESULT@@ case=abs_riscv_abs_q31 hash=0xba8c8c7e,@@RESULT@@ case=abs_riscv_abs_q31 hash=0xba8c8c7e,/home/zhangfulin/RISCV-VLIW/Zircon-VLIW/RV-Software/nmsis-dsp-port/build/benchmark-result-compare/sim/BasicMathFunctions.log,/home/zhangfulin/RISCV-VLIW/Zircon-VLIW/RV-Software/nmsis-dsp-port/build/benchmark-result-compare/host/BasicMathFunctions.run.log,
BasicMathFunctions,abs_riscv_abs_q7,MATCH,@@RESULT@@ case=abs_riscv_abs_q7 hash=0xcea0dfab,@@RESULT@@ case=abs_riscv_abs_q7 hash=0xcea0dfab,/home/zhangfulin/RISCV-VLIW/Zircon-VLIW/RV-Software/nmsis-dsp-port/build/benchmark-result-compare/sim/BasicMathFunctions.log,/home/zhangfulin/RISCV-VLIW/Zircon-VLIW/RV-Software/nmsis-dsp-port/build/benchmark-result-compare/host/BasicMathFunctions.run.log,
BasicMathFunctions,add_riscv_add_f32,MATCH,@@RESULT@@ case=add_riscv_add_f32 hash=0x95de00e0,@@RESULT@@ case=add_riscv_add_f32 hash=0x95de00e0,/home/zhangfulin/RISCV-VLIW/Zircon-VLIW/RV-Software/nmsis-dsp-port/build/benchmark-result-compare/sim/BasicMathFunctions.log,/home/zhangfulin/RISCV-VLIW/Zircon-VLIW/RV-Software/nmsis-dsp-port/build/benchmark-result-compare/host/BasicMathFunctions.run.log,
BasicMathFunctions,add_riscv_add_q15,MATCH,@@RESULT@@ case=add_riscv_add_q15 hash=0x61ba38f2,@@RESULT@@ case=add_riscv_add_q15 hash=0x61ba38f2,/home/zhangfulin/RISCV-VLIW/Zircon-VLIW/RV-Software/nmsis-dsp-port/build/benchmark-result-compare/sim/BasicMathFunctions.log,/home/zhangfulin/RISCV-VLIW/Zircon-VLIW/RV-Software/nmsis-dsp-port/build/benchmark-result-compare/host/BasicMathFunctions.run.log,
BasicMathFunctions,add_riscv_add_q31,MATCH,@@RESULT@@ case=add_riscv_add_q31 hash=0x4e30c1b7,@@RESULT@@ case=add_riscv_add_q31 hash=0x4e30c1b7,/home/zhangfulin/RISCV-VLIW/Zircon-VLIW/RV-Software/nmsis-dsp-port/build/benchmark-result-compare/sim/BasicMathFunctions.log,/home/zhangfulin/RISCV-VLIW/Zircon-VLIW/RV-Software/nmsis-dsp-port/build/benchmark-result-compare/host/BasicMathFunctions.run.log,
BasicMathFunctions,add_riscv_add_q7,MATCH,@@RESULT@@ case=add_riscv_add_q7 hash=0xb0ad3895,@@RESULT@@ case=add_riscv_add_q7 hash=0xb0ad3895,/home/zhangfulin/RISCV-VLIW/Zircon-VLIW/RV-Software/nmsis-dsp-port/build/benchmark-result-compare/sim/BasicMathFunctions.log,/home/zhangfulin/RISCV-VLIW/Zircon-VLIW/RV-Software/nmsis-dsp-port/build/benchmark-result-compare/host/BasicMathFunctions.run.log,
BasicMathFunctions,and_riscv_and_u16,MATCH,@@RESULT@@ case=and_riscv_and_u16 hash=0x24963d14,@@RESULT@@ case=and_riscv_and_u16 hash=0x24963d14,/home/zhangfulin/RISCV-VLIW/Zircon-VLIW/RV-Software/nmsis-dsp-port/build/benchmark-result-compare/sim/BasicMathFunctions.log,/home/zhangfulin/RISCV-VLIW/Zircon-VLIW/RV-Software/nmsis-dsp-port/build/benchmark-result-compare/host/BasicMathFunctions.run.log,
BasicMathFunctions,and_riscv_and_u32,MATCH,@@RESULT@@ case=and_riscv_and_u32 hash=0xb9eb92be,@@RESULT@@ case=and_riscv_and_u32 hash=0xb9eb92be,/home/zhangfulin/RISCV-VLIW/Zircon-VLIW/RV-Software/nmsis-dsp-port/build/benchmark-result-compare/sim/BasicMathFunctions.log,/home/zhangfulin/RISCV-VLIW/Zircon-VLIW/RV-Software/nmsis-dsp-port/build/benchmark-result-compare/host/BasicMathFunctions.run.log,
BasicMathFunctions,and_riscv_and_u8,MATCH,@@RESULT@@ case=and_riscv_and_u8 hash=0xf40611f7,@@RESULT@@ case=and_riscv_and_u8 hash=0xf40611f7,/home/zhangfulin/RISCV-VLIW/Zircon-VLIW/RV-Software/nmsis-dsp-port/build/benchmark-result-compare/sim/BasicMathFunctions.log,/home/zhangfulin/RISCV-VLIW/Zircon-VLIW/RV-Software/nmsis-dsp-port/build/benchmark-result-compare/host/BasicMathFunctions.run.log,
BasicMathFunctions,clip_riscv_clip_f32,MATCH,@@RESULT@@ case=clip_riscv_clip_f32 hash=0x7acbaf92,@@RESULT@@ case=clip_riscv_clip_f32 hash=0x7acbaf92,/home/zhangfulin/RISCV-VLIW/Zircon-VLIW/RV-Software/nmsis-dsp-port/build/benchmark-result-compare/sim/BasicMathFunctions.log,/home/zhangfulin/RISCV-VLIW/Zircon-VLIW/RV-Software/nmsis-dsp-port/build/benchmark-result-compare/host/BasicMathFunctions.run.log,
BasicMathFunctions,clip_riscv_clip_q15,MATCH,@@RESULT@@ case=clip_riscv_clip_q15 hash=0x9f3d1c65,@@RESULT@@ case=clip_riscv_clip_q15 hash=0x9f3d1c65,/home/zhangfulin/RISCV-VLIW/Zircon-VLIW/RV-Software/nmsis-dsp-port/build/benchmark-result-compare/sim/BasicMathFunctions.log,/home/zhangfulin/RISCV-VLIW/Zircon-VLIW/RV-Software/nmsis-dsp-port/build/benchmark-result-compare/host/BasicMathFunctions.run.log,
BasicMathFunctions,clip_riscv_clip_q31,MATCH,@@RESULT@@ case=clip_riscv_clip_q31 hash=0x312b99c9,@@RESULT@@ case=clip_riscv_clip_q31 hash=0x312b99c9,/home/zhangfulin/RISCV-VLIW/Zircon-VLIW/RV-Software/nmsis-dsp-port/build/benchmark-result-compare/sim/BasicMathFunctions.log,/home/zhangfulin/RISCV-VLIW/Zircon-VLIW/RV-Software/nmsis-dsp-port/build/benchmark-result-compare/host/BasicMathFunctions.run.log,
BasicMathFunctions,clip_riscv_clip_q7,MATCH,@@RESULT@@ case=clip_riscv_clip_q7 hash=0x5732b1b4,@@RESULT@@ case=clip_riscv_clip_q7 hash=0x5732b1b4,/home/zhangfulin/RISCV-VLIW/Zircon-VLIW/RV-Software/nmsis-dsp-port/build/benchmark-result-compare/sim/BasicMathFunctions.log,/home/zhangfulin/RISCV-VLIW/Zircon-VLIW/RV-Software/nmsis-dsp-port/build/benchmark-result-compare/host/BasicMathFunctions.run.log,
BasicMathFunctions,dot_prod_riscv_dot_prod_f32,MATCH,@@RESULT@@ case=dot_prod_riscv_dot_prod_f32 hash=0x3995fc82,@@RESULT@@ case=dot_prod_riscv_dot_prod_f32 hash=0x3995fc82,/home/zhangfulin/RISCV-VLIW/Zircon-VLIW/RV-Software/nmsis-dsp-port/build/benchmark-result-compare/sim/BasicMathFunctions.log,/home/zhangfulin/RISCV-VLIW/Zircon-VLIW/RV-Software/nmsis-dsp-port/build/benchmark-result-compare/host/BasicMathFunctions.run.log,
BasicMathFunctions,dot_prod_riscv_dot_prod_q15,MATCH,@@RESULT@@ case=dot_prod_riscv_dot_prod_q15 hash=0xf114765d,@@RESULT@@ case=dot_prod_riscv_dot_prod_q15 hash=0xf114765d,/home/zhangfulin/RISCV-VLIW/Zircon-VLIW/RV-Software/nmsis-dsp-port/build/benchmark-result-compare/sim/BasicMathFunctions.log,/home/zhangfulin/RISCV-VLIW/Zircon-VLIW/RV-Software/nmsis-dsp-port/build/benchmark-result-compare/host/BasicMathFunctions.run.log,
BasicMathFunctions,dot_prod_riscv_dot_prod_q31,MATCH,@@RESULT@@ case=dot_prod_riscv_dot_prod_q31 hash=0x4d216f89,@@RESULT@@ case=dot_prod_riscv_dot_prod_q31 hash=0x4d216f89,/home/zhangfulin/RISCV-VLIW/Zircon-VLIW/RV-Software/nmsis-dsp-port/build/benchmark-result-compare/sim/BasicMathFunctions.log,/home/zhangfulin/RISCV-VLIW/Zircon-VLIW/RV-Software/nmsis-dsp-port/build/benchmark-result-compare/host/BasicMathFunctions.run.log,
BasicMathFunctions,dot_prod_riscv_dot_prod_q7,MATCH,@@RESULT@@ case=dot_prod_riscv_dot_prod_q7 hash=0xf31294a4,@@RESULT@@ case=dot_prod_riscv_dot_prod_q7 hash=0xf31294a4,/home/zhangfulin/RISCV-VLIW/Zircon-VLIW/RV-Software/nmsis-dsp-port/build/benchmark-result-compare/sim/BasicMathFunctions.log,/home/zhangfulin/RISCV-VLIW/Zircon-VLIW/RV-Software/nmsis-dsp-port/build/benchmark-result-compare/host/BasicMathFunctions.run.log,
BasicMathFunctions,mul_riscv_mul_f32,MATCH,@@RESULT@@ case=mul_riscv_mul_f32 hash=0x694d592a,@@RESULT@@ case=mul_riscv_mul_f32 hash=0x694d592a,/home/zhangfulin/RISCV-VLIW/Zircon-VLIW/RV-Software/nmsis-dsp-port/build/benchmark-result-compare/sim/BasicMathFunctions.log,/home/zhangfulin/RISCV-VLIW/Zircon-VLIW/RV-Software/nmsis-dsp-port/build/benchmark-result-compare/host/BasicMathFunctions.run.log,
BasicMathFunctions,mul_riscv_mul_q15,MATCH,@@RESULT@@ case=mul_riscv_mul_q15 hash=0xf48959d6,@@RESULT@@ case=mul_riscv_mul_q15 hash=0xf48959d6,/home/zhangfulin/RISCV-VLIW/Zircon-VLIW/RV-Software/nmsis-dsp-port/build/benchmark-result-compare/sim/BasicMathFunctions.log,/home/zhangfulin/RISCV-VLIW/Zircon-VLIW/RV-Software/nmsis-dsp-port/build/benchmark-result-compare/host/BasicMathFunctions.run.log,
BasicMathFunctions,mul_riscv_mul_q31,MATCH,@@RESULT@@ case=mul_riscv_mul_q31 hash=0x4aada91f,@@RESULT@@ case=mul_riscv_mul_q31 hash=0x4aada91f,/home/zhangfulin/RISCV-VLIW/Zircon-VLIW/RV-Software/nmsis-dsp-port/build/benchmark-result-compare/sim/BasicMathFunctions.log,/home/zhangfulin/RISCV-VLIW/Zircon-VLIW/RV-Software/nmsis-dsp-port/build/benchmark-result-compare/host/BasicMathFunctions.run.log,
BasicMathFunctions,mul_riscv_mul_q7,MATCH,@@RESULT@@ case=mul_riscv_mul_q7 hash=0x70ffd4e5,@@RESULT@@ case=mul_riscv_mul_q7 hash=0x70ffd4e5,/home/zhangfulin/RISCV-VLIW/Zircon-VLIW/RV-Software/nmsis-dsp-port/build/benchmark-result-compare/sim/BasicMathFunctions.log,/home/zhangfulin/RISCV-VLIW/Zircon-VLIW/RV-Software/nmsis-dsp-port/build/benchmark-result-compare/host/BasicMathFunctions.run.log,
BasicMathFunctions,negate_riscv_negate_f32,MATCH,@@RESULT@@ case=negate_riscv_negate_f32 hash=0xe3e8d1cd,@@RESULT@@ case=negate_riscv_negate_f32 hash=0xe3e8d1cd,/home/zhangfulin/RISCV-VLIW/Zircon-VLIW/RV-Software/nmsis-dsp-port/build/benchmark-result-compare/sim/BasicMathFunctions.log,/home/zhangfulin/RISCV-VLIW/Zircon-VLIW/RV-Software/nmsis-dsp-port/build/benchmark-result-compare/host/BasicMathFunctions.run.log,
BasicMathFunctions,negate_riscv_negate_q15,MATCH,@@RESULT@@ case=negate_riscv_negate_q15 hash=0x6f6137b5,@@RESULT@@ case=negate_riscv_negate_q15 hash=0x6f6137b5,/home/zhangfulin/RISCV-VLIW/Zircon-VLIW/RV-Software/nmsis-dsp-port/build/benchmark-result-compare/sim/BasicMathFunctions.log,/home/zhangfulin/RISCV-VLIW/Zircon-VLIW/RV-Software/nmsis-dsp-port/build/benchmark-result-compare/host/BasicMathFunctions.run.log,
BasicMathFunctions,negate_riscv_negate_q31,MATCH,@@RESULT@@ case=negate_riscv_negate_q31 hash=0x54c68eaf,@@RESULT@@ case=negate_riscv_negate_q31 hash=0x54c68eaf,/home/zhangfulin/RISCV-VLIW/Zircon-VLIW/RV-Software/nmsis-dsp-port/build/benchmark-result-compare/sim/BasicMathFunctions.log,/home/zhangfulin/RISCV-VLIW/Zircon-VLIW/RV-Software/nmsis-dsp-port/build/benchmark-result-compare/host/BasicMathFunctions.run.log,
BasicMathFunctions,negate_riscv_negate_q7,MATCH,@@RESULT@@ case=negate_riscv_negate_q7 hash=0xc64ae78b,@@RESULT@@ case=negate_riscv_negate_q7 hash=0xc64ae78b,/home/zhangfulin/RISCV-VLIW/Zircon-VLIW/RV-Software/nmsis-dsp-port/build/benchmark-result-compare/sim/BasicMathFunctions.log,/home/zhangfulin/RISCV-VLIW/Zircon-VLIW/RV-Software/nmsis-dsp-port/build/benchmark-result-compare/host/BasicMathFunctions.run.log,
BasicMathFunctions,not_riscv_not_u16,MATCH,@@RESULT@@ case=not_riscv_not_u16 hash=0xfb576f48,@@RESULT@@ case=not_riscv_not_u16 hash=0xfb576f48,/home/zhangfulin/RISCV-VLIW/Zircon-VLIW/RV-Software/nmsis-dsp-port/build/benchmark-result-compare/sim/BasicMathFunctions.log,/home/zhangfulin/RISCV-VLIW/Zircon-VLIW/RV-Software/nmsis-dsp-port/build/benchmark-result-compare/host/BasicMathFunctions.run.log,
BasicMathFunctions,not_riscv_not_u32,MATCH,@@RESULT@@ case=not_riscv_not_u32 hash=0xab9a8686,@@RESULT@@ case=not_riscv_not_u32 hash=0xab9a8686,/home/zhangfulin/RISCV-VLIW/Zircon-VLIW/RV-Software/nmsis-dsp-port/build/benchmark-result-compare/sim/BasicMathFunctions.log,/home/zhangfulin/RISCV-VLIW/Zircon-VLIW/RV-Software/nmsis-dsp-port/build/benchmark-result-compare/host/BasicMathFunctions.run.log,
BasicMathFunctions,not_riscv_not_u8,MATCH,@@RESULT@@ case=not_riscv_not_u8 hash=0x0783b187,@@RESULT@@ case=not_riscv_not_u8 hash=0x0783b187,/home/zhangfulin/RISCV-VLIW/Zircon-VLIW/RV-Software/nmsis-dsp-port/build/benchmark-result-compare/sim/BasicMathFunctions.log,/home/zhangfulin/RISCV-VLIW/Zircon-VLIW/RV-Software/nmsis-dsp-port/build/benchmark-result-compare/host/BasicMathFunctions.run.log,
BasicMathFunctions,offset_riscv_offset_f32,MATCH,@@RESULT@@ case=offset_riscv_offset_f32 hash=0x5ddf685a,@@RESULT@@ case=offset_riscv_offset_f32 hash=0x5ddf685a,/home/zhangfulin/RISCV-VLIW/Zircon-VLIW/RV-Software/nmsis-dsp-port/build/benchmark-result-compare/sim/BasicMathFunctions.log,/home/zhangfulin/RISCV-VLIW/Zircon-VLIW/RV-Software/nmsis-dsp-port/build/benchmark-result-compare/host/BasicMathFunctions.run.log,
BasicMathFunctions,offset_riscv_offset_q15,MATCH,@@RESULT@@ case=offset_riscv_offset_q15 hash=0x48085255,@@RESULT@@ case=offset_riscv_offset_q15 hash=0x48085255,/home/zhangfulin/RISCV-VLIW/Zircon-VLIW/RV-Software/nmsis-dsp-port/build/benchmark-result-compare/sim/BasicMathFunctions.log,/home/zhangfulin/RISCV-VLIW/Zircon-VLIW/RV-Software/nmsis-dsp-port/build/benchmark-result-compare/host/BasicMathFunctions.run.log,
BasicMathFunctions,offset_riscv_offset_q31,MATCH,@@RESULT@@ case=offset_riscv_offset_q31 hash=0x65f8a4ae,@@RESULT@@ case=offset_riscv_offset_q31 hash=0x65f8a4ae,/home/zhangfulin/RISCV-VLIW/Zircon-VLIW/RV-Software/nmsis-dsp-port/build/benchmark-result-compare/sim/BasicMathFunctions.log,/home/zhangfulin/RISCV-VLIW/Zircon-VLIW/RV-Software/nmsis-dsp-port/build/benchmark-result-compare/host/BasicMathFunctions.run.log,
BasicMathFunctions,offset_riscv_offset_q7,MATCH,@@RESULT@@ case=offset_riscv_offset_q7 hash=0x73adc7b7,@@RESULT@@ case=offset_riscv_offset_q7 hash=0x73adc7b7,/home/zhangfulin/RISCV-VLIW/Zircon-VLIW/RV-Software/nmsis-dsp-port/build/benchmark-result-compare/sim/BasicMathFunctions.log,/home/zhangfulin/RISCV-VLIW/Zircon-VLIW/RV-Software/nmsis-dsp-port/build/benchmark-result-compare/host/BasicMathFunctions.run.log,
BasicMathFunctions,or_riscv_or_u16,MATCH,@@RESULT@@ case=or_riscv_or_u16 hash=0x24963d14,@@RESULT@@ case=or_riscv_or_u16 hash=0x24963d14,/home/zhangfulin/RISCV-VLIW/Zircon-VLIW/RV-Software/nmsis-dsp-port/build/benchmark-result-compare/sim/BasicMathFunctions.log,/home/zhangfulin/RISCV-VLIW/Zircon-VLIW/RV-Software/nmsis-dsp-port/build/benchmark-result-compare/host/BasicMathFunctions.run.log,
BasicMathFunctions,or_riscv_or_u32,MATCH,@@RESULT@@ case=or_riscv_or_u32 hash=0xb9eb92be,@@RESULT@@ case=or_riscv_or_u32 hash=0xb9eb92be,/home/zhangfulin/RISCV-VLIW/Zircon-VLIW/RV-Software/nmsis-dsp-port/build/benchmark-result-compare/sim/BasicMathFunctions.log,/home/zhangfulin/RISCV-VLIW/Zircon-VLIW/RV-Software/nmsis-dsp-port/build/benchmark-result-compare/host/BasicMathFunctions.run.log,
BasicMathFunctions,or_riscv_or_u8,MATCH,@@RESULT@@ case=or_riscv_or_u8 hash=0xf40611f7,@@RESULT@@ case=or_riscv_or_u8 hash=0xf40611f7,/home/zhangfulin/RISCV-VLIW/Zircon-VLIW/RV-Software/nmsis-dsp-port/build/benchmark-result-compare/sim/BasicMathFunctions.log,/home/zhangfulin/RISCV-VLIW/Zircon-VLIW/RV-Software/nmsis-dsp-port/build/benchmark-result-compare/host/BasicMathFunctions.run.log,
BasicMathFunctions,riscv_abs_q15,MATCH,@@RESULT@@ case=riscv_abs_q15 count=1024 checksum=0x0f9e6e18 first=8225 second=1537 last=15422,@@RESULT@@ case=riscv_abs_q15 count=1024 checksum=0x0f9e6e18 first=8225 second=1537 last=15422,/home/zhangfulin/RISCV-VLIW/Zircon-VLIW/RV-Software/nmsis-dsp-port/build/benchmark-result-compare/sim/BasicMathFunctions.log,/home/zhangfulin/RISCV-VLIW/Zircon-VLIW/RV-Software/nmsis-dsp-port/build/benchmark-result-compare/host/BasicMathFunctions.run.log,
BasicMathFunctions,scale_riscv_scale_f32,MATCH,@@RESULT@@ case=scale_riscv_scale_f32 hash=0xe88669a3,@@RESULT@@ case=scale_riscv_scale_f32 hash=0xe88669a3,/home/zhangfulin/RISCV-VLIW/Zircon-VLIW/RV-Software/nmsis-dsp-port/build/benchmark-result-compare/sim/BasicMathFunctions.log,/home/zhangfulin/RISCV-VLIW/Zircon-VLIW/RV-Software/nmsis-dsp-port/build/benchmark-result-compare/host/BasicMathFunctions.run.log,
BasicMathFunctions,scale_riscv_scale_q15,MATCH,@@RESULT@@ case=scale_riscv_scale_q15 hash=0xd2063dc5,@@RESULT@@ case=scale_riscv_scale_q15 hash=0xd2063dc5,/home/zhangfulin/RISCV-VLIW/Zircon-VLIW/RV-Software/nmsis-dsp-port/build/benchmark-result-compare/sim/BasicMathFunctions.log,/home/zhangfulin/RISCV-VLIW/Zircon-VLIW/RV-Software/nmsis-dsp-port/build/benchmark-result-compare/host/BasicMathFunctions.run.log,
BasicMathFunctions,scale_riscv_scale_q31,MATCH,@@RESULT@@ case=scale_riscv_scale_q31 hash=0x76efddc5,@@RESULT@@ case=scale_riscv_scale_q31 hash=0x76efddc5,/home/zhangfulin/RISCV-VLIW/Zircon-VLIW/RV-Software/nmsis-dsp-port/build/benchmark-result-compare/sim/BasicMathFunctions.log,/home/zhangfulin/RISCV-VLIW/Zircon-VLIW/RV-Software/nmsis-dsp-port/build/benchmark-result-compare/host/BasicMathFunctions.run.log,
BasicMathFunctions,scale_riscv_scale_q7,MATCH,@@RESULT@@ case=scale_riscv_scale_q7 hash=0x1f116dc5,@@RESULT@@ case=scale_riscv_scale_q7 hash=0x1f116dc5,/home/zhangfulin/RISCV-VLIW/Zircon-VLIW/RV-Software/nmsis-dsp-port/build/benchmark-result-compare/sim/BasicMathFunctions.log,/home/zhangfulin/RISCV-VLIW/Zircon-VLIW/RV-Software/nmsis-dsp-port/build/benchmark-result-compare/host/BasicMathFunctions.run.log,
BasicMathFunctions,shift_riscv_shift_q15,MATCH,@@RESULT@@ case=shift_riscv_shift_q15 hash=0x0de7f73d,@@RESULT@@ case=shift_riscv_shift_q15 hash=0x0de7f73d,/home/zhangfulin/RISCV-VLIW/Zircon-VLIW/RV-Software/nmsis-dsp-port/build/benchmark-result-compare/sim/BasicMathFunctions.log,/home/zhangfulin/RISCV-VLIW/Zircon-VLIW/RV-Software/nmsis-dsp-port/build/benchmark-result-compare/host/BasicMathFunctions.run.log,
BasicMathFunctions,shift_riscv_shift_q31,MATCH,@@RESULT@@ case=shift_riscv_shift_q31 hash=0x6ad366e6,@@RESULT@@ case=shift_riscv_shift_q31 hash=0x6ad366e6,/home/zhangfulin/RISCV-VLIW/Zircon-VLIW/RV-Software/nmsis-dsp-port/build/benchmark-result-compare/sim/BasicMathFunctions.log,/home/zhangfulin/RISCV-VLIW/Zircon-VLIW/RV-Software/nmsis-dsp-port/build/benchmark-result-compare/host/BasicMathFunctions.run.log,
BasicMathFunctions,shift_riscv_shift_q7,MATCH,@@RESULT@@ case=shift_riscv_shift_q7 hash=0xf6dc57e8,@@RESULT@@ case=shift_riscv_shift_q7 hash=0xf6dc57e8,/home/zhangfulin/RISCV-VLIW/Zircon-VLIW/RV-Software/nmsis-dsp-port/build/benchmark-result-compare/sim/BasicMathFunctions.log,/home/zhangfulin/RISCV-VLIW/Zircon-VLIW/RV-Software/nmsis-dsp-port/build/benchmark-result-compare/host/BasicMathFunctions.run.log,
BasicMathFunctions,sub_riscv_sub_f32,MATCH,@@RESULT@@ case=sub_riscv_sub_f32 hash=0xbb6c61cd,@@RESULT@@ case=sub_riscv_sub_f32 hash=0xbb6c61cd,/home/zhangfulin/RISCV-VLIW/Zircon-VLIW/RV-Software/nmsis-dsp-port/build/benchmark-result-compare/sim/BasicMathFunctions.log,/home/zhangfulin/RISCV-VLIW/Zircon-VLIW/RV-Software/nmsis-dsp-port/build/benchmark-result-compare/host/BasicMathFunctions.run.log,
BasicMathFunctions,sub_riscv_sub_q15,MATCH,@@RESULT@@ case=sub_riscv_sub_q15 hash=0xd2063dc5,@@RESULT@@ case=sub_riscv_sub_q15 hash=0xd2063dc5,/home/zhangfulin/RISCV-VLIW/Zircon-VLIW/RV-Software/nmsis-dsp-port/build/benchmark-result-compare/sim/BasicMathFunctions.log,/home/zhangfulin/RISCV-VLIW/Zircon-VLIW/RV-Software/nmsis-dsp-port/build/benchmark-result-compare/host/BasicMathFunctions.run.log,
BasicMathFunctions,sub_riscv_sub_q31,MATCH,@@RESULT@@ case=sub_riscv_sub_q31 hash=0x76efddc5,@@RESULT@@ case=sub_riscv_sub_q31 hash=0x76efddc5,/home/zhangfulin/RISCV-VLIW/Zircon-VLIW/RV-Software/nmsis-dsp-port/build/benchmark-result-compare/sim/BasicMathFunctions.log,/home/zhangfulin/RISCV-VLIW/Zircon-VLIW/RV-Software/nmsis-dsp-port/build/benchmark-result-compare/host/BasicMathFunctions.run.log,
BasicMathFunctions,sub_riscv_sub_q7,MATCH,@@RESULT@@ case=sub_riscv_sub_q7 hash=0x1f116dc5,@@RESULT@@ case=sub_riscv_sub_q7 hash=0x1f116dc5,/home/zhangfulin/RISCV-VLIW/Zircon-VLIW/RV-Software/nmsis-dsp-port/build/benchmark-result-compare/sim/BasicMathFunctions.log,/home/zhangfulin/RISCV-VLIW/Zircon-VLIW/RV-Software/nmsis-dsp-port/build/benchmark-result-compare/host/BasicMathFunctions.run.log,
BasicMathFunctions,xor_riscv_xor_u16,MATCH,@@RESULT@@ case=xor_riscv_xor_u16 hash=0xd2063dc5,@@RESULT@@ case=xor_riscv_xor_u16 hash=0xd2063dc5,/home/zhangfulin/RISCV-VLIW/Zircon-VLIW/RV-Software/nmsis-dsp-port/build/benchmark-result-compare/sim/BasicMathFunctions.log,/home/zhangfulin/RISCV-VLIW/Zircon-VLIW/RV-Software/nmsis-dsp-port/build/benchmark-result-compare/host/BasicMathFunctions.run.log,
BasicMathFunctions,xor_riscv_xor_u32,MATCH,@@RESULT@@ case=xor_riscv_xor_u32 hash=0x76efddc5,@@RESULT@@ case=xor_riscv_xor_u32 hash=0x76efddc5,/home/zhangfulin/RISCV-VLIW/Zircon-VLIW/RV-Software/nmsis-dsp-port/build/benchmark-result-compare/sim/BasicMathFunctions.log,/home/zhangfulin/RISCV-VLIW/Zircon-VLIW/RV-Software/nmsis-dsp-port/build/benchmark-result-compare/host/BasicMathFunctions.run.log,
BasicMathFunctions,xor_riscv_xor_u8,MATCH,@@RESULT@@ case=xor_riscv_xor_u8 hash=0x1f116dc5,@@RESULT@@ case=xor_riscv_xor_u8 hash=0x1f116dc5,/home/zhangfulin/RISCV-VLIW/Zircon-VLIW/RV-Software/nmsis-dsp-port/build/benchmark-result-compare/sim/BasicMathFunctions.log,/home/zhangfulin/RISCV-VLIW/Zircon-VLIW/RV-Software/nmsis-dsp-port/build/benchmark-result-compare/host/BasicMathFunctions.run.log,
BayesFunctions,bayes_riscv_gaussian_naive_bayes_predict_f32,MATCH,@@RESULT@@ case=bayes_riscv_gaussian_naive_bayes_predict_f32 hash=0xf040b809,@@RESULT@@ case=bayes_riscv_gaussian_naive_bayes_predict_f32 hash=0xf040b809,/home/zhangfulin/RISCV-VLIW/Zircon-VLIW/RV-Software/nmsis-dsp-port/build/benchmark-result-compare/sim/BayesFunctions.log,/home/zhangfulin/RISCV-VLIW/Zircon-VLIW/RV-Software/nmsis-dsp-port/build/benchmark-result-compare/host/BayesFunctions.run.log,
ComplexMathFunctions,cmplx_conj_riscv_cmplx_conj_f32,MATCH,@@RESULT@@ case=cmplx_conj_riscv_cmplx_conj_f32 hash=0x5e5e6bcd,@@RESULT@@ case=cmplx_conj_riscv_cmplx_conj_f32 hash=0x5e5e6bcd,/home/zhangfulin/RISCV-VLIW/Zircon-VLIW/RV-Software/nmsis-dsp-port/build/benchmark-result-compare/sim/ComplexMathFunctions.log,/home/zhangfulin/RISCV-VLIW/Zircon-VLIW/RV-Software/nmsis-dsp-port/build/benchmark-result-compare/host/ComplexMathFunctions.run.log,
ComplexMathFunctions,cmplx_conj_riscv_cmplx_conj_q15,MATCH,@@RESULT@@ case=cmplx_conj_riscv_cmplx_conj_q15 hash=0x3872b534,@@RESULT@@ case=cmplx_conj_riscv_cmplx_conj_q15 hash=0x3872b534,/home/zhangfulin/RISCV-VLIW/Zircon-VLIW/RV-Software/nmsis-dsp-port/build/benchmark-result-compare/sim/ComplexMathFunctions.log,/home/zhangfulin/RISCV-VLIW/Zircon-VLIW/RV-Software/nmsis-dsp-port/build/benchmark-result-compare/host/ComplexMathFunctions.run.log,
ComplexMathFunctions,cmplx_conj_riscv_cmplx_conj_q31,MATCH,@@RESULT@@ case=cmplx_conj_riscv_cmplx_conj_q31 hash=0x60950156,@@RESULT@@ case=cmplx_conj_riscv_cmplx_conj_q31 hash=0x60950156,/home/zhangfulin/RISCV-VLIW/Zircon-VLIW/RV-Software/nmsis-dsp-port/build/benchmark-result-compare/sim/ComplexMathFunctions.log,/home/zhangfulin/RISCV-VLIW/Zircon-VLIW/RV-Software/nmsis-dsp-port/build/benchmark-result-compare/host/ComplexMathFunctions.run.log,
ComplexMathFunctions,cmplx_dot_prod_riscv_cmplx_dot_prod_f32,MATCH,@@RESULT@@ case=cmplx_dot_prod_riscv_cmplx_dot_prod_f32 hash=0x79385e29,@@RESULT@@ case=cmplx_dot_prod_riscv_cmplx_dot_prod_f32 hash=0x79385e29,/home/zhangfulin/RISCV-VLIW/Zircon-VLIW/RV-Software/nmsis-dsp-port/build/benchmark-result-compare/sim/ComplexMathFunctions.log,/home/zhangfulin/RISCV-VLIW/Zircon-VLIW/RV-Software/nmsis-dsp-port/build/benchmark-result-compare/host/ComplexMathFunctions.run.log,
ComplexMathFunctions,cmplx_dot_prod_riscv_cmplx_dot_prod_q15,MATCH,@@RESULT@@ case=cmplx_dot_prod_riscv_cmplx_dot_prod_q15 hash=0x4b555301,@@RESULT@@ case=cmplx_dot_prod_riscv_cmplx_dot_prod_q15 hash=0x4b555301,/home/zhangfulin/RISCV-VLIW/Zircon-VLIW/RV-Software/nmsis-dsp-port/build/benchmark-result-compare/sim/ComplexMathFunctions.log,/home/zhangfulin/RISCV-VLIW/Zircon-VLIW/RV-Software/nmsis-dsp-port/build/benchmark-result-compare/host/ComplexMathFunctions.run.log,
ComplexMathFunctions,cmplx_dot_prod_riscv_cmplx_dot_prod_q31,MATCH,@@RESULT@@ case=cmplx_dot_prod_riscv_cmplx_dot_prod_q31 hash=0xfb58b63a,@@RESULT@@ case=cmplx_dot_prod_riscv_cmplx_dot_prod_q31 hash=0xfb58b63a,/home/zhangfulin/RISCV-VLIW/Zircon-VLIW/RV-Software/nmsis-dsp-port/build/benchmark-result-compare/sim/ComplexMathFunctions.log,/home/zhangfulin/RISCV-VLIW/Zircon-VLIW/RV-Software/nmsis-dsp-port/build/benchmark-result-compare/host/ComplexMathFunctions.run.log,
ComplexMathFunctions,cmplx_mag_riscv_cmplx_mag_f32,MISMATCH,@@RESULT@@ case=cmplx_mag_riscv_cmplx_mag_f32 hash=0xd5bdedbc,@@RESULT@@ case=cmplx_mag_riscv_cmplx_mag_f32 hash=0xc378f98d,/home/zhangfulin/RISCV-VLIW/Zircon-VLIW/RV-Software/nmsis-dsp-port/build/benchmark-result-compare/sim/ComplexMathFunctions.log,/home/zhangfulin/RISCV-VLIW/Zircon-VLIW/RV-Software/nmsis-dsp-port/build/benchmark-result-compare/host/ComplexMathFunctions.run.log,
ComplexMathFunctions,cmplx_mag_riscv_cmplx_mag_fast_q15,MATCH,@@RESULT@@ case=cmplx_mag_riscv_cmplx_mag_fast_q15 hash=0x08a1104b,@@RESULT@@ case=cmplx_mag_riscv_cmplx_mag_fast_q15 hash=0x08a1104b,/home/zhangfulin/RISCV-VLIW/Zircon-VLIW/RV-Software/nmsis-dsp-port/build/benchmark-result-compare/sim/ComplexMathFunctions.log,/home/zhangfulin/RISCV-VLIW/Zircon-VLIW/RV-Software/nmsis-dsp-port/build/benchmark-result-compare/host/ComplexMathFunctions.run.log,
ComplexMathFunctions,cmplx_mag_riscv_cmplx_mag_q15,MATCH,@@RESULT@@ case=cmplx_mag_riscv_cmplx_mag_q15 hash=0x9bd188cc,@@RESULT@@ case=cmplx_mag_riscv_cmplx_mag_q15 hash=0x9bd188cc,/home/zhangfulin/RISCV-VLIW/Zircon-VLIW/RV-Software/nmsis-dsp-port/build/benchmark-result-compare/sim/ComplexMathFunctions.log,/home/zhangfulin/RISCV-VLIW/Zircon-VLIW/RV-Software/nmsis-dsp-port/build/benchmark-result-compare/host/ComplexMathFunctions.run.log,
ComplexMathFunctions,cmplx_mag_riscv_cmplx_mag_q31,MATCH,@@RESULT@@ case=cmplx_mag_riscv_cmplx_mag_q31 hash=0x8bca83b1,@@RESULT@@ case=cmplx_mag_riscv_cmplx_mag_q31 hash=0x8bca83b1,/home/zhangfulin/RISCV-VLIW/Zircon-VLIW/RV-Software/nmsis-dsp-port/build/benchmark-result-compare/sim/ComplexMathFunctions.log,/home/zhangfulin/RISCV-VLIW/Zircon-VLIW/RV-Software/nmsis-dsp-port/build/benchmark-result-compare/host/ComplexMathFunctions.run.log,
ComplexMathFunctions,cmplx_mag_squared_riscv_cmplx_mag_squared_f32,MATCH,@@RESULT@@ case=cmplx_mag_squared_riscv_cmplx_mag_squared_f32 hash=0xd8744607,@@RESULT@@ case=cmplx_mag_squared_riscv_cmplx_mag_squared_f32 hash=0xd8744607,/home/zhangfulin/RISCV-VLIW/Zircon-VLIW/RV-Software/nmsis-dsp-port/build/benchmark-result-compare/sim/ComplexMathFunctions.log,/home/zhangfulin/RISCV-VLIW/Zircon-VLIW/RV-Software/nmsis-dsp-port/build/benchmark-result-compare/host/ComplexMathFunctions.run.log,
ComplexMathFunctions,cmplx_mag_squared_riscv_cmplx_mag_squared_q15,MATCH,@@RESULT@@ case=cmplx_mag_squared_riscv_cmplx_mag_squared_q15 hash=0xb84e36f0,@@RESULT@@ case=cmplx_mag_squared_riscv_cmplx_mag_squared_q15 hash=0xb84e36f0,/home/zhangfulin/RISCV-VLIW/Zircon-VLIW/RV-Software/nmsis-dsp-port/build/benchmark-result-compare/sim/ComplexMathFunctions.log,/home/zhangfulin/RISCV-VLIW/Zircon-VLIW/RV-Software/nmsis-dsp-port/build/benchmark-result-compare/host/ComplexMathFunctions.run.log,
ComplexMathFunctions,cmplx_mag_squared_riscv_cmplx_mag_squared_q31,MATCH,@@RESULT@@ case=cmplx_mag_squared_riscv_cmplx_mag_squared_q31 hash=0x79d49b8c,@@RESULT@@ case=cmplx_mag_squared_riscv_cmplx_mag_squared_q31 hash=0x79d49b8c,/home/zhangfulin/RISCV-VLIW/Zircon-VLIW/RV-Software/nmsis-dsp-port/build/benchmark-result-compare/sim/ComplexMathFunctions.log,/home/zhangfulin/RISCV-VLIW/Zircon-VLIW/RV-Software/nmsis-dsp-port/build/benchmark-result-compare/host/ComplexMathFunctions.run.log,
ComplexMathFunctions,cmplx_mult_cmplx_riscv_cmplx_mult_cmplx_f32,MATCH,@@RESULT@@ case=cmplx_mult_cmplx_riscv_cmplx_mult_cmplx_f32 hash=0xdfc2fffb,@@RESULT@@ case=cmplx_mult_cmplx_riscv_cmplx_mult_cmplx_f32 hash=0xdfc2fffb,/home/zhangfulin/RISCV-VLIW/Zircon-VLIW/RV-Software/nmsis-dsp-port/build/benchmark-result-compare/sim/ComplexMathFunctions.log,/home/zhangfulin/RISCV-VLIW/Zircon-VLIW/RV-Software/nmsis-dsp-port/build/benchmark-result-compare/host/ComplexMathFunctions.run.log,
ComplexMathFunctions,cmplx_mult_cmplx_riscv_cmplx_mult_cmplx_q15,MATCH,@@RESULT@@ case=cmplx_mult_cmplx_riscv_cmplx_mult_cmplx_q15 hash=0xb0182eb3,@@RESULT@@ case=cmplx_mult_cmplx_riscv_cmplx_mult_cmplx_q15 hash=0xb0182eb3,/home/zhangfulin/RISCV-VLIW/Zircon-VLIW/RV-Software/nmsis-dsp-port/build/benchmark-result-compare/sim/ComplexMathFunctions.log,/home/zhangfulin/RISCV-VLIW/Zircon-VLIW/RV-Software/nmsis-dsp-port/build/benchmark-result-compare/host/ComplexMathFunctions.run.log,
ComplexMathFunctions,cmplx_mult_cmplx_riscv_cmplx_mult_cmplx_q31,MATCH,@@RESULT@@ case=cmplx_mult_cmplx_riscv_cmplx_mult_cmplx_q31 hash=0x78655e44,@@RESULT@@ case=cmplx_mult_cmplx_riscv_cmplx_mult_cmplx_q31 hash=0x78655e44,/home/zhangfulin/RISCV-VLIW/Zircon-VLIW/RV-Software/nmsis-dsp-port/build/benchmark-result-compare/sim/ComplexMathFunctions.log,/home/zhangfulin/RISCV-VLIW/Zircon-VLIW/RV-Software/nmsis-dsp-port/build/benchmark-result-compare/host/ComplexMathFunctions.run.log,
ComplexMathFunctions,cmplx_mult_real_riscv_cmplx_mult_real_f32,MATCH,@@RESULT@@ case=cmplx_mult_real_riscv_cmplx_mult_real_f32 hash=0x807b6209,@@RESULT@@ case=cmplx_mult_real_riscv_cmplx_mult_real_f32 hash=0x807b6209,/home/zhangfulin/RISCV-VLIW/Zircon-VLIW/RV-Software/nmsis-dsp-port/build/benchmark-result-compare/sim/ComplexMathFunctions.log,/home/zhangfulin/RISCV-VLIW/Zircon-VLIW/RV-Software/nmsis-dsp-port/build/benchmark-result-compare/host/ComplexMathFunctions.run.log,
ComplexMathFunctions,cmplx_mult_real_riscv_cmplx_mult_real_q15,MATCH,@@RESULT@@ case=cmplx_mult_real_riscv_cmplx_mult_real_q15 hash=0x26e24de6,@@RESULT@@ case=cmplx_mult_real_riscv_cmplx_mult_real_q15 hash=0x26e24de6,/home/zhangfulin/RISCV-VLIW/Zircon-VLIW/RV-Software/nmsis-dsp-port/build/benchmark-result-compare/sim/ComplexMathFunctions.log,/home/zhangfulin/RISCV-VLIW/Zircon-VLIW/RV-Software/nmsis-dsp-port/build/benchmark-result-compare/host/ComplexMathFunctions.run.log,
ComplexMathFunctions,cmplx_mult_real_riscv_cmplx_mult_real_q31,MATCH,@@RESULT@@ case=cmplx_mult_real_riscv_cmplx_mult_real_q31 hash=0x9b621049,@@RESULT@@ case=cmplx_mult_real_riscv_cmplx_mult_real_q31 hash=0x9b621049,/home/zhangfulin/RISCV-VLIW/Zircon-VLIW/RV-Software/nmsis-dsp-port/build/benchmark-result-compare/sim/ComplexMathFunctions.log,/home/zhangfulin/RISCV-VLIW/Zircon-VLIW/RV-Software/nmsis-dsp-port/build/benchmark-result-compare/host/ComplexMathFunctions.run.log,
ControllerFunctions,clarke_riscv_clarke_f32,MATCH,@@RESULT@@ case=clarke_riscv_clarke_f32 hash=0xc55e8fc6,@@RESULT@@ case=clarke_riscv_clarke_f32 hash=0xc55e8fc6,/home/zhangfulin/RISCV-VLIW/Zircon-VLIW/RV-Software/nmsis-dsp-port/build/benchmark-result-compare/sim/ControllerFunctions.log,/home/zhangfulin/RISCV-VLIW/Zircon-VLIW/RV-Software/nmsis-dsp-port/build/benchmark-result-compare/host/ControllerFunctions.run.log,
ControllerFunctions,clarke_riscv_clarke_q31,MATCH,@@RESULT@@ case=clarke_riscv_clarke_q31 hash=0x18b5d21e,@@RESULT@@ case=clarke_riscv_clarke_q31 hash=0x18b5d21e,/home/zhangfulin/RISCV-VLIW/Zircon-VLIW/RV-Software/nmsis-dsp-port/build/benchmark-result-compare/sim/ControllerFunctions.log,/home/zhangfulin/RISCV-VLIW/Zircon-VLIW/RV-Software/nmsis-dsp-port/build/benchmark-result-compare/host/ControllerFunctions.run.log,
ControllerFunctions,inv_clarke_riscv_inv_clarke_f32,MATCH,@@RESULT@@ case=inv_clarke_riscv_inv_clarke_f32 hash=0x14c2d5e5,@@RESULT@@ case=inv_clarke_riscv_inv_clarke_f32 hash=0x14c2d5e5,/home/zhangfulin/RISCV-VLIW/Zircon-VLIW/RV-Software/nmsis-dsp-port/build/benchmark-result-compare/sim/ControllerFunctions.log,/home/zhangfulin/RISCV-VLIW/Zircon-VLIW/RV-Software/nmsis-dsp-port/build/benchmark-result-compare/host/ControllerFunctions.run.log,
ControllerFunctions,inv_clarke_riscv_inv_clarke_q31,MATCH,@@RESULT@@ case=inv_clarke_riscv_inv_clarke_q31 hash=0x7d181560,@@RESULT@@ case=inv_clarke_riscv_inv_clarke_q31 hash=0x7d181560,/home/zhangfulin/RISCV-VLIW/Zircon-VLIW/RV-Software/nmsis-dsp-port/build/benchmark-result-compare/sim/ControllerFunctions.log,/home/zhangfulin/RISCV-VLIW/Zircon-VLIW/RV-Software/nmsis-dsp-port/build/benchmark-result-compare/host/ControllerFunctions.run.log,
ControllerFunctions,inv_park_riscv_inv_park_f32,MATCH,@@RESULT@@ case=inv_park_riscv_inv_park_f32 hash=0xf9d75306,@@RESULT@@ case=inv_park_riscv_inv_park_f32 hash=0xf9d75306,/home/zhangfulin/RISCV-VLIW/Zircon-VLIW/RV-Software/nmsis-dsp-port/build/benchmark-result-compare/sim/ControllerFunctions.log,/home/zhangfulin/RISCV-VLIW/Zircon-VLIW/RV-Software/nmsis-dsp-port/build/benchmark-result-compare/host/ControllerFunctions.run.log,
ControllerFunctions,inv_park_riscv_inv_park_q31,MATCH,@@RESULT@@ case=inv_park_riscv_inv_park_q31 hash=0xd2063dc5,@@RESULT@@ case=inv_park_riscv_inv_park_q31 hash=0xd2063dc5,/home/zhangfulin/RISCV-VLIW/Zircon-VLIW/RV-Software/nmsis-dsp-port/build/benchmark-result-compare/sim/ControllerFunctions.log,/home/zhangfulin/RISCV-VLIW/Zircon-VLIW/RV-Software/nmsis-dsp-port/build/benchmark-result-compare/host/ControllerFunctions.run.log,
ControllerFunctions,park_riscv_park_f32,MATCH,@@RESULT@@ case=park_riscv_park_f32 hash=0xa65bcb1e,@@RESULT@@ case=park_riscv_park_f32 hash=0xa65bcb1e,/home/zhangfulin/RISCV-VLIW/Zircon-VLIW/RV-Software/nmsis-dsp-port/build/benchmark-result-compare/sim/ControllerFunctions.log,/home/zhangfulin/RISCV-VLIW/Zircon-VLIW/RV-Software/nmsis-dsp-port/build/benchmark-result-compare/host/ControllerFunctions.run.log,
ControllerFunctions,park_riscv_park_q31,MATCH,@@RESULT@@ case=park_riscv_park_q31 hash=0xd2063dc5,@@RESULT@@ case=park_riscv_park_q31 hash=0xd2063dc5,/home/zhangfulin/RISCV-VLIW/Zircon-VLIW/RV-Software/nmsis-dsp-port/build/benchmark-result-compare/sim/ControllerFunctions.log,/home/zhangfulin/RISCV-VLIW/Zircon-VLIW/RV-Software/nmsis-dsp-port/build/benchmark-result-compare/host/ControllerFunctions.run.log,
ControllerFunctions,pid_riscv_pid_f32,MATCH,@@RESULT@@ case=pid_riscv_pid_f32 hash=0x49041d9c,@@RESULT@@ case=pid_riscv_pid_f32 hash=0x49041d9c,/home/zhangfulin/RISCV-VLIW/Zircon-VLIW/RV-Software/nmsis-dsp-port/build/benchmark-result-compare/sim/ControllerFunctions.log,/home/zhangfulin/RISCV-VLIW/Zircon-VLIW/RV-Software/nmsis-dsp-port/build/benchmark-result-compare/host/ControllerFunctions.run.log,
ControllerFunctions,pid_riscv_pid_q31,MATCH,@@RESULT@@ case=pid_riscv_pid_q31 hash=0x1386c14c,@@RESULT@@ case=pid_riscv_pid_q31 hash=0x1386c14c,/home/zhangfulin/RISCV-VLIW/Zircon-VLIW/RV-Software/nmsis-dsp-port/build/benchmark-result-compare/sim/ControllerFunctions.log,/home/zhangfulin/RISCV-VLIW/Zircon-VLIW/RV-Software/nmsis-dsp-port/build/benchmark-result-compare/host/ControllerFunctions.run.log,
ControllerFunctions,sin_cos_riscv_sin_cos_f32,MATCH,@@RESULT@@ case=sin_cos_riscv_sin_cos_f32 hash=0x4cff52f2,@@RESULT@@ case=sin_cos_riscv_sin_cos_f32 hash=0x4cff52f2,/home/zhangfulin/RISCV-VLIW/Zircon-VLIW/RV-Software/nmsis-dsp-port/build/benchmark-result-compare/sim/ControllerFunctions.log,/home/zhangfulin/RISCV-VLIW/Zircon-VLIW/RV-Software/nmsis-dsp-port/build/benchmark-result-compare/host/ControllerFunctions.run.log,
ControllerFunctions,sin_cos_riscv_sin_cos_q31,MISMATCH,@@RESULT@@ case=sin_cos_riscv_sin_cos_q31 hash=0xd7268d8d,@@RESULT@@ case=sin_cos_riscv_sin_cos_q31 hash=0xadb79d47,/home/zhangfulin/RISCV-VLIW/Zircon-VLIW/RV-Software/nmsis-dsp-port/build/benchmark-result-compare/sim/ControllerFunctions.log,/home/zhangfulin/RISCV-VLIW/Zircon-VLIW/RV-Software/nmsis-dsp-port/build/benchmark-result-compare/host/ControllerFunctions.run.log,
DistanceFunctions,braycurtis_distance_riscv_braycurtis_distance_f32,MATCH,@@RESULT@@ case=braycurtis_distance_riscv_braycurtis_distance_f32 hash=0x57354741,@@RESULT@@ case=braycurtis_distance_riscv_braycurtis_distance_f32 hash=0x57354741,/home/zhangfulin/RISCV-VLIW/Zircon-VLIW/RV-Software/nmsis-dsp-port/build/benchmark-result-compare/sim/DistanceFunctions.log,/home/zhangfulin/RISCV-VLIW/Zircon-VLIW/RV-Software/nmsis-dsp-port/build/benchmark-result-compare/host/DistanceFunctions.run.log,
DistanceFunctions,canberra_distance_riscv_canberra_distance_f32,MATCH,@@RESULT@@ case=canberra_distance_riscv_canberra_distance_f32 hash=0x6ae718b5,@@RESULT@@ case=canberra_distance_riscv_canberra_distance_f32 hash=0x6ae718b5,/home/zhangfulin/RISCV-VLIW/Zircon-VLIW/RV-Software/nmsis-dsp-port/build/benchmark-result-compare/sim/DistanceFunctions.log,/home/zhangfulin/RISCV-VLIW/Zircon-VLIW/RV-Software/nmsis-dsp-port/build/benchmark-result-compare/host/DistanceFunctions.run.log,
DistanceFunctions,chebyshev_distance_riscv_chebyshev_distance_f32,MATCH,@@RESULT@@ case=chebyshev_distance_riscv_chebyshev_distance_f32 hash=0x57354741,@@RESULT@@ case=chebyshev_distance_riscv_chebyshev_distance_f32 hash=0x57354741,/home/zhangfulin/RISCV-VLIW/Zircon-VLIW/RV-Software/nmsis-dsp-port/build/benchmark-result-compare/sim/DistanceFunctions.log,/home/zhangfulin/RISCV-VLIW/Zircon-VLIW/RV-Software/nmsis-dsp-port/build/benchmark-result-compare/host/DistanceFunctions.run.log,
DistanceFunctions,cityblock_distance_riscv_cityblock_distance_f32,MATCH,@@RESULT@@ case=cityblock_distance_riscv_cityblock_distance_f32 hash=0x57354741,@@RESULT@@ case=cityblock_distance_riscv_cityblock_distance_f32 hash=0x57354741,/home/zhangfulin/RISCV-VLIW/Zircon-VLIW/RV-Software/nmsis-dsp-port/build/benchmark-result-compare/sim/DistanceFunctions.log,/home/zhangfulin/RISCV-VLIW/Zircon-VLIW/RV-Software/nmsis-dsp-port/build/benchmark-result-compare/host/DistanceFunctions.run.log,
DistanceFunctions,correlation_distance_riscv_correlation_distance_f32,MATCH,@@RESULT@@ case=correlation_distance_riscv_correlation_distance_f32 hash=0x07dbf889,@@RESULT@@ case=correlation_distance_riscv_correlation_distance_f32 hash=0x07dbf889,/home/zhangfulin/RISCV-VLIW/Zircon-VLIW/RV-Software/nmsis-dsp-port/build/benchmark-result-compare/sim/DistanceFunctions.log,/home/zhangfulin/RISCV-VLIW/Zircon-VLIW/RV-Software/nmsis-dsp-port/build/benchmark-result-compare/host/DistanceFunctions.run.log,
DistanceFunctions,cosine_distance_riscv_cosine_distance_f32,MATCH,@@RESULT@@ case=cosine_distance_riscv_cosine_distance_f32 hash=0x57354741,@@RESULT@@ case=cosine_distance_riscv_cosine_distance_f32 hash=0x57354741,/home/zhangfulin/RISCV-VLIW/Zircon-VLIW/RV-Software/nmsis-dsp-port/build/benchmark-result-compare/sim/DistanceFunctions.log,/home/zhangfulin/RISCV-VLIW/Zircon-VLIW/RV-Software/nmsis-dsp-port/build/benchmark-result-compare/host/DistanceFunctions.run.log,
DistanceFunctions,dice_distance_riscv_dice_distance,MATCH,@@RESULT@@ case=dice_distance_riscv_dice_distance hash=0x6b4525eb,@@RESULT@@ case=dice_distance_riscv_dice_distance hash=0x6b4525eb,/home/zhangfulin/RISCV-VLIW/Zircon-VLIW/RV-Software/nmsis-dsp-port/build/benchmark-result-compare/sim/DistanceFunctions.log,/home/zhangfulin/RISCV-VLIW/Zircon-VLIW/RV-Software/nmsis-dsp-port/build/benchmark-result-compare/host/DistanceFunctions.run.log,
DistanceFunctions,euclidean_distance_riscv_euclidean_distance_f32,MATCH,@@RESULT@@ case=euclidean_distance_riscv_euclidean_distance_f32 hash=0x57354741,@@RESULT@@ case=euclidean_distance_riscv_euclidean_distance_f32 hash=0x57354741,/home/zhangfulin/RISCV-VLIW/Zircon-VLIW/RV-Software/nmsis-dsp-port/build/benchmark-result-compare/sim/DistanceFunctions.log,/home/zhangfulin/RISCV-VLIW/Zircon-VLIW/RV-Software/nmsis-dsp-port/build/benchmark-result-compare/host/DistanceFunctions.run.log,
DistanceFunctions,hamming_distance_riscv_hamming_distance,MATCH,@@RESULT@@ case=hamming_distance_riscv_hamming_distance hash=0x9cfbff33,@@RESULT@@ case=hamming_distance_riscv_hamming_distance hash=0x9cfbff33,/home/zhangfulin/RISCV-VLIW/Zircon-VLIW/RV-Software/nmsis-dsp-port/build/benchmark-result-compare/sim/DistanceFunctions.log,/home/zhangfulin/RISCV-VLIW/Zircon-VLIW/RV-Software/nmsis-dsp-port/build/benchmark-result-compare/host/DistanceFunctions.run.log,
DistanceFunctions,jaccard_distance_riscv_jaccard_distance,MATCH,@@RESULT@@ case=jaccard_distance_riscv_jaccard_distance hash=0x2a57e20b,@@RESULT@@ case=jaccard_distance_riscv_jaccard_distance hash=0x2a57e20b,/home/zhangfulin/RISCV-VLIW/Zircon-VLIW/RV-Software/nmsis-dsp-port/build/benchmark-result-compare/sim/DistanceFunctions.log,/home/zhangfulin/RISCV-VLIW/Zircon-VLIW/RV-Software/nmsis-dsp-port/build/benchmark-result-compare/host/DistanceFunctions.run.log,
DistanceFunctions,jensenshannon_distance_riscv_jensenshannon_distance_f32,MATCH,@@RESULT@@ case=jensenshannon_distance_riscv_jensenshannon_distance_f32 hash=0x6ae718b5,@@RESULT@@ case=jensenshannon_distance_riscv_jensenshannon_distance_f32 hash=0x6ae718b5,/home/zhangfulin/RISCV-VLIW/Zircon-VLIW/RV-Software/nmsis-dsp-port/build/benchmark-result-compare/sim/DistanceFunctions.log,/home/zhangfulin/RISCV-VLIW/Zircon-VLIW/RV-Software/nmsis-dsp-port/build/benchmark-result-compare/host/DistanceFunctions.run.log,
DistanceFunctions,kulsinski_distance_riscv_kulsinski_distance,MATCH,@@RESULT@@ case=kulsinski_distance_riscv_kulsinski_distance hash=0xb0a2725f,@@RESULT@@ case=kulsinski_distance_riscv_kulsinski_distance hash=0xb0a2725f,/home/zhangfulin/RISCV-VLIW/Zircon-VLIW/RV-Software/nmsis-dsp-port/build/benchmark-result-compare/sim/DistanceFunctions.log,/home/zhangfulin/RISCV-VLIW/Zircon-VLIW/RV-Software/nmsis-dsp-port/build/benchmark-result-compare/host/DistanceFunctions.run.log,
DistanceFunctions,minkowski_distance_riscv_minkowski_distance_f32,MATCH,@@RESULT@@ case=minkowski_distance_riscv_minkowski_distance_f32 hash=0x6ae718b5,@@RESULT@@ case=minkowski_distance_riscv_minkowski_distance_f32 hash=0x6ae718b5,/home/zhangfulin/RISCV-VLIW/Zircon-VLIW/RV-Software/nmsis-dsp-port/build/benchmark-result-compare/sim/DistanceFunctions.log,/home/zhangfulin/RISCV-VLIW/Zircon-VLIW/RV-Software/nmsis-dsp-port/build/benchmark-result-compare/host/DistanceFunctions.run.log,
DistanceFunctions,rogerstanimoto_distance_riscv_rogerstanimoto_distance,MATCH,@@RESULT@@ case=rogerstanimoto_distance_riscv_rogerstanimoto_distance hash=0xfd0592e3,@@RESULT@@ case=rogerstanimoto_distance_riscv_rogerstanimoto_distance hash=0xfd0592e3,/home/zhangfulin/RISCV-VLIW/Zircon-VLIW/RV-Software/nmsis-dsp-port/build/benchmark-result-compare/sim/DistanceFunctions.log,/home/zhangfulin/RISCV-VLIW/Zircon-VLIW/RV-Software/nmsis-dsp-port/build/benchmark-result-compare/host/DistanceFunctions.run.log,
DistanceFunctions,russellrao_distance_riscv_russellrao_distance,MATCH,@@RESULT@@ case=russellrao_distance_riscv_russellrao_distance hash=0x1c5d64f3,@@RESULT@@ case=russellrao_distance_riscv_russellrao_distance hash=0x1c5d64f3,/home/zhangfulin/RISCV-VLIW/Zircon-VLIW/RV-Software/nmsis-dsp-port/build/benchmark-result-compare/sim/DistanceFunctions.log,/home/zhangfulin/RISCV-VLIW/Zircon-VLIW/RV-Software/nmsis-dsp-port/build/benchmark-result-compare/host/DistanceFunctions.run.log,
DistanceFunctions,sokalmichener_distance_riscv_sokalmichener_distance,MATCH,@@RESULT@@ case=sokalmichener_distance_riscv_sokalmichener_distance hash=0xe6e79985,@@RESULT@@ case=sokalmichener_distance_riscv_sokalmichener_distance hash=0xe6e79985,/home/zhangfulin/RISCV-VLIW/Zircon-VLIW/RV-Software/nmsis-dsp-port/build/benchmark-result-compare/sim/DistanceFunctions.log,/home/zhangfulin/RISCV-VLIW/Zircon-VLIW/RV-Software/nmsis-dsp-port/build/benchmark-result-compare/host/DistanceFunctions.run.log,
DistanceFunctions,sokalsneath_distance_riscv_sokalsneath_distance,MATCH,@@RESULT@@ case=sokalsneath_distance_riscv_sokalsneath_distance hash=0xc9cfc745,@@RESULT@@ case=sokalsneath_distance_riscv_sokalsneath_distance hash=0xc9cfc745,/home/zhangfulin/RISCV-VLIW/Zircon-VLIW/RV-Software/nmsis-dsp-port/build/benchmark-result-compare/sim/DistanceFunctions.log,/home/zhangfulin/RISCV-VLIW/Zircon-VLIW/RV-Software/nmsis-dsp-port/build/benchmark-result-compare/host/DistanceFunctions.run.log,
DistanceFunctions,yule_distance_riscv_yule_distance,MATCH,@@RESULT@@ case=yule_distance_riscv_yule_distance hash=0xca84f59d,@@RESULT@@ case=yule_distance_riscv_yule_distance hash=0xca84f59d,/home/zhangfulin/RISCV-VLIW/Zircon-VLIW/RV-Software/nmsis-dsp-port/build/benchmark-result-compare/sim/DistanceFunctions.log,/home/zhangfulin/RISCV-VLIW/Zircon-VLIW/RV-Software/nmsis-dsp-port/build/benchmark-result-compare/host/DistanceFunctions.run.log,
