suite,function,path,status,sim_result,host_result,sim_log,host_log,note
BasicMathFunctions,abs_riscv_abs_f32,vendor/NMSIS/DSP/Benchmark/BasicMathFunctions/test_riscv_abs_f32.c,MATCH,@@RESULT@@ case=abs_riscv_abs_f32 hash=0x1f9d52cd,@@RESULT@@ case=abs_riscv_abs_f32 hash=0x1f9d52cd,/tmp/nmsis-f32-result-compare/sim/BasicMathFunctions__abs_riscv_abs_f32.log,/tmp/nmsis-f32-result-compare/host/BasicMathFunctions__abs_riscv_abs_f32.run.log,
BasicMathFunctions,add_riscv_add_f32,vendor/NMSIS/DSP/Benchmark/BasicMathFunctions/test_riscv_add_f32.c,MATCH,@@RESULT@@ case=add_riscv_add_f32 hash=0x95de00e0,@@RESULT@@ case=add_riscv_add_f32 hash=0x95de00e0,/tmp/nmsis-f32-result-compare/sim/BasicMathFunctions__add_riscv_add_f32.log,/tmp/nmsis-f32-result-compare/host/BasicMathFunctions__add_riscv_add_f32.run.log,
BasicMathFunctions,clip_riscv_clip_f32,vendor/NMSIS/DSP/Benchmark/BasicMathFunctions/test_riscv_clip_f32.c,MATCH,@@RESULT@@ case=clip_riscv_clip_f32 hash=0x7acbaf92,@@RESULT@@ case=clip_riscv_clip_f32 hash=0x7acbaf92,/tmp/nmsis-f32-result-compare/sim/BasicMathFunctions__clip_riscv_clip_f32.log,/tmp/nmsis-f32-result-compare/host/BasicMathFunctions__clip_riscv_clip_f32.run.log,
BasicMathFunctions,dot_prod_riscv_dot_prod_f32,vendor/NMSIS/DSP/Benchmark/BasicMathFunctions/test_riscv_dot_prod_f32.c,MATCH,@@RESULT@@ case=dot_prod_riscv_dot_prod_f32 hash=0x3995fc82,@@RESULT@@ case=dot_prod_riscv_dot_prod_f32 hash=0x3995fc82,/tmp/nmsis-f32-result-compare/sim/BasicMathFunctions__dot_prod_riscv_dot_prod_f32.log,/tmp/nmsis-f32-result-compare/host/BasicMathFunctions__dot_prod_riscv_dot_prod_f32.run.log,
BasicMathFunctions,mul_riscv_mul_f32,vendor/NMSIS/DSP/Benchmark/BasicMathFunctions/test_riscv_mult_f32.c,MATCH,@@RESULT@@ case=mul_riscv_mul_f32 hash=0x694d592a,@@RESULT@@ case=mul_riscv_mul_f32 hash=0x694d592a,/tmp/nmsis-f32-result-compare/sim/BasicMathFunctions__mul_riscv_mul_f32.log,/tmp/nmsis-f32-result-compare/host/BasicMathFunctions__mul_riscv_mul_f32.run.log,
BasicMathFunctions,negate_riscv_negate_f32,vendor/NMSIS/DSP/Benchmark/BasicMathFunctions/test_riscv_negate_f32.c,MATCH,@@RESULT@@ case=negate_riscv_negate_f32 hash=0xe3e8d1cd,@@RESULT@@ case=negate_riscv_negate_f32 hash=0xe3e8d1cd,/tmp/nmsis-f32-result-compare/sim/BasicMathFunctions__negate_riscv_negate_f32.log,/tmp/nmsis-f32-result-compare/host/BasicMathFunctions__negate_riscv_negate_f32.run.log,
BasicMathFunctions,offset_riscv_offset_f32,vendor/NMSIS/DSP/Benchmark/BasicMathFunctions/test_riscv_offset_f32.c,MATCH,@@RESULT@@ case=offset_riscv_offset_f32 hash=0x5ddf685a,@@RESULT@@ case=offset_riscv_offset_f32 hash=0x5ddf685a,/tmp/nmsis-f32-result-compare/sim/BasicMathFunctions__offset_riscv_offset_f32.log,/tmp/nmsis-f32-result-compare/host/BasicMathFunctions__offset_riscv_offset_f32.run.log,
BasicMathFunctions,scale_riscv_scale_f32,vendor/NMSIS/DSP/Benchmark/BasicMathFunctions/test_riscv_scale_f32.c,MATCH,@@RESULT@@ case=scale_riscv_scale_f32 hash=0xe88669a3,@@RESULT@@ case=scale_riscv_scale_f32 hash=0xe88669a3,/tmp/nmsis-f32-result-compare/sim/BasicMathFunctions__scale_riscv_scale_f32.log,/tmp/nmsis-f32-result-compare/host/BasicMathFunctions__scale_riscv_scale_f32.run.log,
BasicMathFunctions,sub_riscv_sub_f32,vendor/NMSIS/DSP/Benchmark/BasicMathFunctions/test_riscv_sub_f32.c,MATCH,@@RESULT@@ case=sub_riscv_sub_f32 hash=0xbb6c61cd,@@RESULT@@ case=sub_riscv_sub_f32 hash=0xbb6c61cd,/tmp/nmsis-f32-result-compare/sim/BasicMathFunctions__sub_riscv_sub_f32.log,/tmp/nmsis-f32-result-compare/host/BasicMathFunctions__sub_riscv_sub_f32.run.log,
ComplexMathFunctions,cmplx_conj_riscv_cmplx_conj_f32,vendor/NMSIS/DSP/Benchmark/ComplexMathFunctions/test_riscv_cmplx_conj_f32.c,MATCH,@@RESULT@@ case=cmplx_conj_riscv_cmplx_conj_f32 hash=0x5e5e6bcd,@@RESULT@@ case=cmplx_conj_riscv_cmplx_conj_f32 hash=0x5e5e6bcd,/tmp/nmsis-f32-result-compare/sim/ComplexMathFunctions__cmplx_conj_riscv_cmplx_conj_f32.log,/tmp/nmsis-f32-result-compare/host/ComplexMathFunctions__cmplx_conj_riscv_cmplx_conj_f32.run.log,
ComplexMathFunctions,cmplx_dot_prod_riscv_cmplx_dot_prod_f32,vendor/NMSIS/DSP/Benchmark/ComplexMathFunctions/test_riscv_cmplx_dot_prod_f32.c,MATCH,@@RESULT@@ case=cmplx_dot_prod_riscv_cmplx_dot_prod_f32 hash=0x79385e29,@@RESULT@@ case=cmplx_dot_prod_riscv_cmplx_dot_prod_f32 hash=0x79385e29,/tmp/nmsis-f32-result-compare/sim/ComplexMathFunctions__cmplx_dot_prod_riscv_cmplx_dot_prod_f32.log,/tmp/nmsis-f32-result-compare/host/ComplexMathFunctions__cmplx_dot_prod_riscv_cmplx_dot_prod_f32.run.log,
ComplexMathFunctions,cmplx_mag_squared_riscv_cmplx_mag_squared_f32,vendor/NMSIS/DSP/Benchmark/ComplexMathFunctions/test_riscv_cmplx_mag_squared_f32.c,MATCH,@@RESULT@@ case=cmplx_mag_squared_riscv_cmplx_mag_squared_f32 hash=0xd8744607,@@RESULT@@ case=cmplx_mag_squared_riscv_cmplx_mag_squared_f32 hash=0xd8744607,/tmp/nmsis-f32-result-compare/sim/ComplexMathFunctions__cmplx_mag_squared_riscv_cmplx_mag_squared_f32.log,/tmp/nmsis-f32-result-compare/host/ComplexMathFunctions__cmplx_mag_squared_riscv_cmplx_mag_squared_f32.run.log,
ComplexMathFunctions,cmplx_mult_cmplx_riscv_cmplx_mult_cmplx_f32,vendor/NMSIS/DSP/Benchmark/ComplexMathFunctions/test_riscv_cmplx_mult_cmplx_f32.c,MATCH,@@RESULT@@ case=cmplx_mult_cmplx_riscv_cmplx_mult_cmplx_f32 hash=0xdfc2fffb,@@RESULT@@ case=cmplx_mult_cmplx_riscv_cmplx_mult_cmplx_f32 hash=0xdfc2fffb,/tmp/nmsis-f32-result-compare/sim/ComplexMathFunctions__cmplx_mult_cmplx_riscv_cmplx_mult_cmplx_f32.log,/tmp/nmsis-f32-result-compare/host/ComplexMathFunctions__cmplx_mult_cmplx_riscv_cmplx_mult_cmplx_f32.run.log,
ComplexMathFunctions,cmplx_mult_real_riscv_cmplx_mult_real_f32,vendor/NMSIS/DSP/Benchmark/ComplexMathFunctions/test_riscv_cmplx_mult_real_f32.c,MATCH,@@RESULT@@ case=cmplx_mult_real_riscv_cmplx_mult_real_f32 hash=0x807b6209,@@RESULT@@ case=cmplx_mult_real_riscv_cmplx_mult_real_f32 hash=0x807b6209,/tmp/nmsis-f32-result-compare/sim/ComplexMathFunctions__cmplx_mult_real_riscv_cmplx_mult_real_f32.log,/tmp/nmsis-f32-result-compare/host/ComplexMathFunctions__cmplx_mult_real_riscv_cmplx_mult_real_f32.run.log,
ControllerFunctions,clarke_riscv_clarke_f32,vendor/NMSIS/DSP/Benchmark/ControllerFunctions/test_riscv_clarke_f32.c,MATCH,@@RESULT@@ case=clarke_riscv_clarke_f32 hash=0xc55e8fc6,@@RESULT@@ case=clarke_riscv_clarke_f32 hash=0xc55e8fc6,/tmp/nmsis-f32-result-compare/sim/ControllerFunctions__clarke_riscv_clarke_f32.log,/tmp/nmsis-f32-result-compare/host/ControllerFunctions__clarke_riscv_clarke_f32.run.log,
ControllerFunctions,inv_clarke_riscv_inv_clarke_f32,vendor/NMSIS/DSP/Benchmark/ControllerFunctions/test_riscv_inv_clarke_f32.c,MATCH,@@RESULT@@ case=inv_clarke_riscv_inv_clarke_f32 hash=0x14c2d5e5,@@RESULT@@ case=inv_clarke_riscv_inv_clarke_f32 hash=0x14c2d5e5,/tmp/nmsis-f32-result-compare/sim/ControllerFunctions__inv_clarke_riscv_inv_clarke_f32.log,/tmp/nmsis-f32-result-compare/host/ControllerFunctions__inv_clarke_riscv_inv_clarke_f32.run.log,
ControllerFunctions,inv_park_riscv_inv_park_f32,vendor/NMSIS/DSP/Benchmark/ControllerFunctions/test_riscv_inv_park_f32.c,MATCH,@@RESULT@@ case=inv_park_riscv_inv_park_f32 hash=0xf9d75306,@@RESULT@@ case=inv_park_riscv_inv_park_f32 hash=0xf9d75306,/tmp/nmsis-f32-result-compare/sim/ControllerFunctions__inv_park_riscv_inv_park_f32.log,/tmp/nmsis-f32-result-compare/host/ControllerFunctions__inv_park_riscv_inv_park_f32.run.log,
ControllerFunctions,park_riscv_park_f32,vendor/NMSIS/DSP/Benchmark/ControllerFunctions/test_riscv_park_f32.c,MATCH,@@RESULT@@ case=park_riscv_park_f32 hash=0xa65bcb1e,@@RESULT@@ case=park_riscv_park_f32 hash=0xa65bcb1e,/tmp/nmsis-f32-result-compare/sim/ControllerFunctions__park_riscv_park_f32.log,/tmp/nmsis-f32-result-compare/host/ControllerFunctions__park_riscv_park_f32.run.log,
ControllerFunctions,pid_riscv_pid_f32,vendor/NMSIS/DSP/Benchmark/ControllerFunctions/test_riscv_pid_f32.c,MATCH,@@RESULT@@ case=pid_riscv_pid_f32 hash=0x49041d9c,@@RESULT@@ case=pid_riscv_pid_f32 hash=0x49041d9c,/tmp/nmsis-f32-result-compare/sim/ControllerFunctions__pid_riscv_pid_f32.log,/tmp/nmsis-f32-result-compare/host/ControllerFunctions__pid_riscv_pid_f32.run.log,
DistanceFunctions,braycurtis_distance_riscv_braycurtis_distance_f32,vendor/NMSIS/DSP/Benchmark/DistanceFunctions/test_riscv_braycurtis_distance_f32.c,MATCH,@@RESULT@@ case=braycurtis_distance_riscv_braycurtis_distance_f32 hash=0x57354741,@@RESULT@@ case=braycurtis_distance_riscv_braycurtis_distance_f32 hash=0x57354741,/tmp/nmsis-f32-result-compare/sim/DistanceFunctions__braycurtis_distance_riscv_braycurtis_distance_f32.log,/tmp/nmsis-f32-result-compare/host/DistanceFunctions__braycurtis_distance_riscv_braycurtis_distance_f32.run.log,
DistanceFunctions,canberra_distance_riscv_canberra_distance_f32,vendor/NMSIS/DSP/Benchmark/DistanceFunctions/test_riscv_canberra_distance_f32.c,MATCH,@@RESULT@@ case=canberra_distance_riscv_canberra_distance_f32 hash=0x6ae718b5,@@RESULT@@ case=canberra_distance_riscv_canberra_distance_f32 hash=0x6ae718b5,/tmp/nmsis-f32-result-compare/sim/DistanceFunctions__canberra_distance_riscv_canberra_distance_f32.log,/tmp/nmsis-f32-result-compare/host/DistanceFunctions__canberra_distance_riscv_canberra_distance_f32.run.log,
DistanceFunctions,chebyshev_distance_riscv_chebyshev_distance_f32,vendor/NMSIS/DSP/Benchmark/DistanceFunctions/test_riscv_chebyshev_distance_f32.c,MATCH,@@RESULT@@ case=chebyshev_distance_riscv_chebyshev_distance_f32 hash=0x57354741,@@RESULT@@ case=chebyshev_distance_riscv_chebyshev_distance_f32 hash=0x57354741,/tmp/nmsis-f32-result-compare/sim/DistanceFunctions__chebyshev_distance_riscv_chebyshev_distance_f32.log,/tmp/nmsis-f32-result-compare/host/DistanceFunctions__chebyshev_distance_riscv_chebyshev_distance_f32.run.log,
DistanceFunctions,cityblock_distance_riscv_cityblock_distance_f32,vendor/NMSIS/DSP/Benchmark/DistanceFunctions/test_riscv_cityblock_distance_f32.c,MATCH,@@RESULT@@ case=cityblock_distance_riscv_cityblock_distance_f32 hash=0x57354741,@@RESULT@@ case=cityblock_distance_riscv_cityblock_distance_f32 hash=0x57354741,/tmp/nmsis-f32-result-compare/sim/DistanceFunctions__cityblock_distance_riscv_cityblock_distance_f32.log,/tmp/nmsis-f32-result-compare/host/DistanceFunctions__cityblock_distance_riscv_cityblock_distance_f32.run.log,
FilteringFunctions,df1_riscv_biquad_cascade_df1_f32,vendor/NMSIS/DSP/Benchmark/FilteringFunctions/test_riscv_biquad_cascade_df1_f32.c,MATCH,@@RESULT@@ case=df1_riscv_biquad_cascade_df1_f32 hash=0x1d319600,@@RESULT@@ case=df1_riscv_biquad_cascade_df1_f32 hash=0x1d319600,/tmp/nmsis-f32-result-compare/sim/FilteringFunctions__df1_riscv_biquad_cascade_df1_f32.log,/tmp/nmsis-f32-result-compare/host/FilteringFunctions__df1_riscv_biquad_cascade_df1_f32.run.log,
FilteringFunctions,df2T_riscv_biquad_cascade_df2T_f32,vendor/NMSIS/DSP/Benchmark/FilteringFunctions/test_riscv_biquad_cascade_df2T_f32.c,MATCH,@@RESULT@@ case=df2T_riscv_biquad_cascade_df2T_f32 hash=0x38567286,@@RESULT@@ case=df2T_riscv_biquad_cascade_df2T_f32 hash=0x38567286,/tmp/nmsis-f32-result-compare/sim/FilteringFunctions__df2T_riscv_biquad_cascade_df2T_f32.log,/tmp/nmsis-f32-result-compare/host/FilteringFunctions__df2T_riscv_biquad_cascade_df2T_f32.run.log,
FilteringFunctions,df2T_riscv_biquad_cascade_stereo_df2T_f32,vendor/NMSIS/DSP/Benchmark/FilteringFunctions/test_riscv_biquad_cascade_stereo_df2T_f32.c,MATCH,@@RESULT@@ case=df2T_riscv_biquad_cascade_stereo_df2T_f32 hash=0x3e34cab3,@@RESULT@@ case=df2T_riscv_biquad_cascade_stereo_df2T_f32 hash=0x3e34cab3,/tmp/nmsis-f32-result-compare/sim/FilteringFunctions__df2T_riscv_biquad_cascade_stereo_df2T_f32.log,/tmp/nmsis-f32-result-compare/host/FilteringFunctions__df2T_riscv_biquad_cascade_stereo_df2T_f32.run.log,
FilteringFunctions,convPartial_riscv_conv_partial_f32,vendor/NMSIS/DSP/Benchmark/FilteringFunctions/test_riscv_conv_partial_f32.c,MATCH,@@RESULT@@ case=convPartial_riscv_conv_partial_f32 hash=0x27092d3d,@@RESULT@@ case=convPartial_riscv_conv_partial_f32 hash=0x27092d3d,/tmp/nmsis-f32-result-compare/sim/FilteringFunctions__convPartial_riscv_conv_partial_f32.log,/tmp/nmsis-f32-result-compare/host/FilteringFunctions__convPartial_riscv_conv_partial_f32.run.log,
FilteringFunctions,firDecimate_riscv_fir_decimate_f32,vendor/NMSIS/DSP/Benchmark/FilteringFunctions/test_riscv_fir_decimate_f32.c,MATCH,@@RESULT@@ case=firDecimate_riscv_fir_decimate_f32 hash=0x39d979d4,@@RESULT@@ case=firDecimate_riscv_fir_decimate_f32 hash=0x39d979d4,/tmp/nmsis-f32-result-compare/sim/FilteringFunctions__firDecimate_riscv_fir_decimate_f32.log,/tmp/nmsis-f32-result-compare/host/FilteringFunctions__firDecimate_riscv_fir_decimate_f32.run.log,
FilteringFunctions,fir_riscv_fir_f32,vendor/NMSIS/DSP/Benchmark/FilteringFunctions/test_riscv_fir_f32.c,MATCH,@@RESULT@@ case=fir_riscv_fir_f32 hash=0x87b2d98a,@@RESULT@@ case=fir_riscv_fir_f32 hash=0x87b2d98a,/tmp/nmsis-f32-result-compare/sim/FilteringFunctions__fir_riscv_fir_f32.log,/tmp/nmsis-f32-result-compare/host/FilteringFunctions__fir_riscv_fir_f32.run.log,
FilteringFunctions,firInterpolate_riscv_fir_interpolate_f32,vendor/NMSIS/DSP/Benchmark/FilteringFunctions/test_riscv_fir_interpolate_f32.c,MATCH,@@RESULT@@ case=firInterpolate_riscv_fir_interpolate_f32 hash=0x2813b2d6,@@RESULT@@ case=firInterpolate_riscv_fir_interpolate_f32 hash=0x2813b2d6,/tmp/nmsis-f32-result-compare/sim/FilteringFunctions__firInterpolate_riscv_fir_interpolate_f32.log,/tmp/nmsis-f32-result-compare/host/FilteringFunctions__firInterpolate_riscv_fir_interpolate_f32.run.log,
FilteringFunctions,firLattice_riscv_fir_lattice_f32,vendor/NMSIS/DSP/Benchmark/FilteringFunctions/test_riscv_fir_lattice_f32.c,MISMATCH,@@RESULT@@ case=firLattice_riscv_fir_lattice_f32 hash=0xcc562f5c,@@RESULT@@ case=firLattice_riscv_fir_lattice_f32 hash=0x16772166,/tmp/nmsis-f32-result-compare/sim/FilteringFunctions__firLattice_riscv_fir_lattice_f32.log,/tmp/nmsis-f32-result-compare/host/FilteringFunctions__firLattice_riscv_fir_lattice_f32.run.log,
FilteringFunctions,iirLattice_riscv_iir_lattice_f32,vendor/NMSIS/DSP/Benchmark/FilteringFunctions/test_riscv_iir_lattice_f32.c,MATCH,@@RESULT@@ case=iirLattice_riscv_iir_lattice_f32 hash=0x41be15f7,@@RESULT@@ case=iirLattice_riscv_iir_lattice_f32 hash=0x41be15f7,/tmp/nmsis-f32-result-compare/sim/FilteringFunctions__iirLattice_riscv_iir_lattice_f32.log,/tmp/nmsis-f32-result-compare/host/FilteringFunctions__iirLattice_riscv_iir_lattice_f32.run.log,
FilteringFunctions,levinsonDurbin_riscv_levinson_durbin_f32,vendor/NMSIS/DSP/Benchmark/FilteringFunctions/test_riscv_levinson_durbin_f32.c,MATCH,@@RESULT@@ case=levinsonDurbin_riscv_levinson_durbin_f32 hash=0xd8b73703,@@RESULT@@ case=levinsonDurbin_riscv_levinson_durbin_f32 hash=0xd8b73703,/tmp/nmsis-f32-result-compare/sim/FilteringFunctions__levinsonDurbin_riscv_levinson_durbin_f32.log,/tmp/nmsis-f32-result-compare/host/FilteringFunctions__levinsonDurbin_riscv_levinson_durbin_f32.run.log,
InterpolationFunctions,bilinear_riscv_bilinear_interp_f32,vendor/NMSIS/DSP/Benchmark/InterpolationFunctions/test_riscv_bilinear_interp_f32.c,MATCH,@@RESULT@@ case=bilinear_riscv_bilinear_interp_f32 hash=0xd9666232,@@RESULT@@ case=bilinear_riscv_bilinear_interp_f32 hash=0xd9666232,/tmp/nmsis-f32-result-compare/sim/InterpolationFunctions__bilinear_riscv_bilinear_interp_f32.log,/tmp/nmsis-f32-result-compare/host/InterpolationFunctions__bilinear_riscv_bilinear_interp_f32.run.log,
InterpolationFunctions,spline_riscv_spline_f32,vendor/NMSIS/DSP/Benchmark/InterpolationFunctions/test_riscv_spline_f32.c,MATCH,@@RESULT@@ case=spline_riscv_spline_f32 hash=0xdd61af8b,@@RESULT@@ case=spline_riscv_spline_f32 hash=0xdd61af8b,/tmp/nmsis-f32-result-compare/sim/InterpolationFunctions__spline_riscv_spline_f32.log,/tmp/nmsis-f32-result-compare/host/InterpolationFunctions__spline_riscv_spline_f32.run.log,
MatrixFunctions,matAdd_riscv_mat_add_f32,vendor/NMSIS/DSP/Benchmark/MatrixFunctions/test_riscv_mat_add_f32.c,MATCH,@@RESULT@@ case=matAdd_riscv_mat_add_f32 hash=0xf55c9a4d,@@RESULT@@ case=matAdd_riscv_mat_add_f32 hash=0xf55c9a4d,/tmp/nmsis-f32-result-compare/sim/MatrixFunctions__matAdd_riscv_mat_add_f32.log,/tmp/nmsis-f32-result-compare/host/MatrixFunctions__matAdd_riscv_mat_add_f32.run.log,
MatrixFunctions,matCmplxMult_riscv_mat_cmplx_mult_f32,vendor/NMSIS/DSP/Benchmark/MatrixFunctions/test_riscv_mat_cmplx_mult_f32.c,MATCH,@@RESULT@@ case=matCmplxMult_riscv_mat_cmplx_mult_f32 hash=0xbc5781fe,@@RESULT@@ case=matCmplxMult_riscv_mat_cmplx_mult_f32 hash=0xbc5781fe,/tmp/nmsis-f32-result-compare/sim/MatrixFunctions__matCmplxMult_riscv_mat_cmplx_mult_f32.log,/tmp/nmsis-f32-result-compare/host/MatrixFunctions__matCmplxMult_riscv_mat_cmplx_mult_f32.run.log,
MatrixFunctions,matLdlt_riscv_mat_ldlt_f32,vendor/NMSIS/DSP/Benchmark/MatrixFunctions/test_riscv_mat_ldlt_f32.c,MATCH,@@RESULT@@ case=matLdlt_riscv_mat_ldlt_f32 hash=0x3f735115,@@RESULT@@ case=matLdlt_riscv_mat_ldlt_f32 hash=0x3f735115,/tmp/nmsis-f32-result-compare/sim/MatrixFunctions__matLdlt_riscv_mat_ldlt_f32.log,/tmp/nmsis-f32-result-compare/host/MatrixFunctions__matLdlt_riscv_mat_ldlt_f32.run.log,
MatrixFunctions,matMult_riscv_mat_mult_f32,vendor/NMSIS/DSP/Benchmark/MatrixFunctions/test_riscv_mat_mult_f32.c,MATCH,@@RESULT@@ case=matMult_riscv_mat_mult_f32 hash=0x4a1bfb69,@@RESULT@@ case=matMult_riscv_mat_mult_f32 hash=0x4a1bfb69,/tmp/nmsis-f32-result-compare/sim/MatrixFunctions__matMult_riscv_mat_mult_f32.log,/tmp/nmsis-f32-result-compare/host/MatrixFunctions__matMult_riscv_mat_mult_f32.run.log,
MatrixFunctions,matScale_riscv_mat_scale_f32,vendor/NMSIS/DSP/Benchmark/MatrixFunctions/test_riscv_mat_scale_f32.c,MATCH,@@RESULT@@ case=matScale_riscv_mat_scale_f32 hash=0x9bb54bd3,@@RESULT@@ case=matScale_riscv_mat_scale_f32 hash=0x9bb54bd3,/tmp/nmsis-f32-result-compare/sim/MatrixFunctions__matScale_riscv_mat_scale_f32.log,/tmp/nmsis-f32-result-compare/host/MatrixFunctions__matScale_riscv_mat_scale_f32.run.log,
MatrixFunctions,matSolveLower_riscv_mat_solve_lower_triangular_f32,vendor/NMSIS/DSP/Benchmark/MatrixFunctions/test_riscv_mat_solve_lower_triangular_f32.c,MATCH,@@RESULT@@ case=matSolveLower_riscv_mat_solve_lower_triangular_f32 hash=0xc61e691c,@@RESULT@@ case=matSolveLower_riscv_mat_solve_lower_triangular_f32 hash=0xc61e691c,/tmp/nmsis-f32-result-compare/sim/MatrixFunctions__matSolveLower_riscv_mat_solve_lower_triangular_f32.log,/tmp/nmsis-f32-result-compare/host/MatrixFunctions__matSolveLower_riscv_mat_solve_lower_triangular_f32.run.log,
MatrixFunctions,matSub_riscv_mat_sub_f32,vendor/NMSIS/DSP/Benchmark/MatrixFunctions/test_riscv_mat_sub_f32.c,MATCH,@@RESULT@@ case=matSub_riscv_mat_sub_f32 hash=0x9da71741,@@RESULT@@ case=matSub_riscv_mat_sub_f32 hash=0x9da71741,/tmp/nmsis-f32-result-compare/sim/MatrixFunctions__matSub_riscv_mat_sub_f32.log,/tmp/nmsis-f32-result-compare/host/MatrixFunctions__matSub_riscv_mat_sub_f32.run.log,
MatrixFunctions,matTrans_riscv_mat_trans_f32,vendor/NMSIS/DSP/Benchmark/MatrixFunctions/test_riscv_mat_trans_f32.c,MATCH,@@RESULT@@ case=matTrans_riscv_mat_trans_f32 hash=0x0f854efd,@@RESULT@@ case=matTrans_riscv_mat_trans_f32 hash=0x0f854efd,/tmp/nmsis-f32-result-compare/sim/MatrixFunctions__matTrans_riscv_mat_trans_f32.log,/tmp/nmsis-f32-result-compare/host/MatrixFunctions__matTrans_riscv_mat_trans_f32.run.log,
MatrixFunctions,matVecMult_riscv_mat_vec_mult_f32,vendor/NMSIS/DSP/Benchmark/MatrixFunctions/test_riscv_mat_vec_mult_f32.c,MATCH,@@RESULT@@ case=matVecMult_riscv_mat_vec_mult_f32 hash=0xbad30c44,@@RESULT@@ case=matVecMult_riscv_mat_vec_mult_f32 hash=0xbad30c44,/tmp/nmsis-f32-result-compare/sim/MatrixFunctions__matVecMult_riscv_mat_vec_mult_f32.log,/tmp/nmsis-f32-result-compare/host/MatrixFunctions__matVecMult_riscv_mat_vec_mult_f32.run.log,
QuaternionMathFunctions,quaternion2Rotation_riscv_quaternion2rotation_f32,vendor/NMSIS/DSP/Benchmark/QuaternionMathFunctions/test_riscv_quaternion2rotation_f32.c,MATCH,@@RESULT@@ case=quaternion2Rotation_riscv_quaternion2rotation_f32 hash=0x642f3baa,@@RESULT@@ case=quaternion2Rotation_riscv_quaternion2rotation_f32 hash=0x642f3baa,/tmp/nmsis-f32-result-compare/sim/QuaternionMathFunctions__quaternion2Rotation_riscv_quaternion2rotation_f32.log,/tmp/nmsis-f32-result-compare/host/QuaternionMathFunctions__quaternion2Rotation_riscv_quaternion2rotation_f32.run.log,
QuaternionMathFunctions,quaternionConjugate_riscv_quaternion_conjugate_f32,vendor/NMSIS/DSP/Benchmark/QuaternionMathFunctions/test_riscv_quaternion_conjugate_f32.c,MATCH,@@RESULT@@ case=quaternionConjugate_riscv_quaternion_conjugate_f32 hash=0xd2542ccd,@@RESULT@@ case=quaternionConjugate_riscv_quaternion_conjugate_f32 hash=0xd2542ccd,/tmp/nmsis-f32-result-compare/sim/QuaternionMathFunctions__quaternionConjugate_riscv_quaternion_conjugate_f32.log,/tmp/nmsis-f32-result-compare/host/QuaternionMathFunctions__quaternionConjugate_riscv_quaternion_conjugate_f32.run.log,
QuaternionMathFunctions,quaternionInverse_riscv_quaternion_inverse_f32,vendor/NMSIS/DSP/Benchmark/QuaternionMathFunctions/test_riscv_quaternion_inverse_f32.c,MATCH,@@RESULT@@ case=quaternionInverse_riscv_quaternion_inverse_f32 hash=0x9f7aedce,@@RESULT@@ case=quaternionInverse_riscv_quaternion_inverse_f32 hash=0x9f7aedce,/tmp/nmsis-f32-result-compare/sim/QuaternionMathFunctions__quaternionInverse_riscv_quaternion_inverse_f32.log,/tmp/nmsis-f32-result-compare/host/QuaternionMathFunctions__quaternionInverse_riscv_quaternion_inverse_f32.run.log,
QuaternionMathFunctions,quaternionProduct_riscv_quaternion_product_f32,vendor/NMSIS/DSP/Benchmark/QuaternionMathFunctions/test_riscv_quaternion_product_f32.c,MATCH,@@RESULT@@ case=quaternionProduct_riscv_quaternion_product_f32 hash=0x885c0bcd,@@RESULT@@ case=quaternionProduct_riscv_quaternion_product_f32 hash=0x885c0bcd,/tmp/nmsis-f32-result-compare/sim/QuaternionMathFunctions__quaternionProduct_riscv_quaternion_product_f32.log,/tmp/nmsis-f32-result-compare/host/QuaternionMathFunctions__quaternionProduct_riscv_quaternion_product_f32.run.log,
QuaternionMathFunctions,quaternionProductSingle_riscv_quaternion_product_single_f32,vendor/NMSIS/DSP/Benchmark/QuaternionMathFunctions/test_riscv_quaternion_product_single_f32.c,MATCH,@@RESULT@@ case=quaternionProductSingle_riscv_quaternion_product_single_f32 hash=0xdffac1a1,@@RESULT@@ case=quaternionProductSingle_riscv_quaternion_product_single_f32 hash=0xdffac1a1,/tmp/nmsis-f32-result-compare/sim/QuaternionMathFunctions__quaternionProductSingle_riscv_quaternion_product_single_f32.log,/tmp/nmsis-f32-result-compare/host/QuaternionMathFunctions__quaternionProductSingle_riscv_quaternion_product_single_f32.run.log,
SVMFunctions,svm_riscv_svm_linear_predict_f32,vendor/NMSIS/DSP/Benchmark/SVMFunctions/test_riscv_svm_linear_predict_f32.c,MATCH,@@RESULT@@ case=svm_riscv_svm_linear_predict_f32 hash=0x76fd7968,@@RESULT@@ case=svm_riscv_svm_linear_predict_f32 hash=0x76fd7968,/tmp/nmsis-f32-result-compare/sim/SVMFunctions__svm_riscv_svm_linear_predict_f32.log,/tmp/nmsis-f32-result-compare/host/SVMFunctions__svm_riscv_svm_linear_predict_f32.run.log,
SVMFunctions,svm_riscv_svm_polynomial_predict_f32,vendor/NMSIS/DSP/Benchmark/SVMFunctions/test_riscv_svm_polynomial_predict_f32.c,MATCH,@@RESULT@@ case=svm_riscv_svm_polynomial_predict_f32 hash=0x76fd7968,@@RESULT@@ case=svm_riscv_svm_polynomial_predict_f32 hash=0x76fd7968,/tmp/nmsis-f32-result-compare/sim/SVMFunctions__svm_riscv_svm_polynomial_predict_f32.log,/tmp/nmsis-f32-result-compare/host/SVMFunctions__svm_riscv_svm_polynomial_predict_f32.run.log,
StatisticsFunctions,absmin_riscv_absmin_f32,vendor/NMSIS/DSP/Benchmark/StatisticsFunctions/test_riscv_absmin_f32.c,MATCH,@@RESULT@@ case=riscv_absmin_f32 count=256 index=0 value_bits=0x39040420,@@RESULT@@ case=riscv_absmin_f32 count=256 index=0 value_bits=0x39040420,/tmp/nmsis-f32-result-compare/sim/StatisticsFunctions__absmin_riscv_absmin_f32.log,/tmp/nmsis-f32-result-compare/host/StatisticsFunctions__absmin_riscv_absmin_f32.run.log,
StatisticsFunctions,absminNoIdx_riscv_absmin_no_idx_f32,vendor/NMSIS/DSP/Benchmark/StatisticsFunctions/test_riscv_absmin_no_idx_f32.c,MATCH,@@RESULT@@ case=absminNoIdx_riscv_absmin_no_idx_f32 hash=0x0f7e8f8b,@@RESULT@@ case=absminNoIdx_riscv_absmin_no_idx_f32 hash=0x0f7e8f8b,/tmp/nmsis-f32-result-compare/sim/StatisticsFunctions__absminNoIdx_riscv_absmin_no_idx_f32.log,/tmp/nmsis-f32-result-compare/host/StatisticsFunctions__absminNoIdx_riscv_absmin_no_idx_f32.run.log,
StatisticsFunctions,mean_riscv_mean_f32,vendor/NMSIS/DSP/Benchmark/StatisticsFunctions/test_riscv_mean_f32.c,MATCH,@@RESULT@@ case=mean_riscv_mean_f32 hash=0x787d62db,@@RESULT@@ case=mean_riscv_mean_f32 hash=0x787d62db,/tmp/nmsis-f32-result-compare/sim/StatisticsFunctions__mean_riscv_mean_f32.log,/tmp/nmsis-f32-result-compare/host/StatisticsFunctions__mean_riscv_mean_f32.run.log,
StatisticsFunctions,mse_riscv_mse_f32,vendor/NMSIS/DSP/Benchmark/StatisticsFunctions/test_riscv_mse_f32.c,MATCH,@@RESULT@@ case=mse_riscv_mse_f32 hash=0x3630a629,@@RESULT@@ case=mse_riscv_mse_f32 hash=0x3630a629,/tmp/nmsis-f32-result-compare/sim/StatisticsFunctions__mse_riscv_mse_f32.log,/tmp/nmsis-f32-result-compare/host/StatisticsFunctions__mse_riscv_mse_f32.run.log,
StatisticsFunctions,power_riscv_power_f32,vendor/NMSIS/DSP/Benchmark/StatisticsFunctions/test_riscv_power_f32.c,MATCH,@@RESULT@@ case=power_riscv_power_f32 hash=0xe75afbb5,@@RESULT@@ case=power_riscv_power_f32 hash=0xe75afbb5,/tmp/nmsis-f32-result-compare/sim/StatisticsFunctions__power_riscv_power_f32.log,/tmp/nmsis-f32-result-compare/host/StatisticsFunctions__power_riscv_power_f32.run.log,
StatisticsFunctions,var_riscv_var_f32,vendor/NMSIS/DSP/Benchmark/StatisticsFunctions/test_riscv_var_f32.c,MATCH,@@RESULT@@ case=var_riscv_var_f32 hash=0xb6345b65,@@RESULT@@ case=var_riscv_var_f32 hash=0xb6345b65,/tmp/nmsis-f32-result-compare/sim/StatisticsFunctions__var_riscv_var_f32.log,/tmp/nmsis-f32-result-compare/host/StatisticsFunctions__var_riscv_var_f32.run.log,
SupportFunctions,barycenter_riscv_barycenter_f32,vendor/NMSIS/DSP/Benchmark/SupportFunctions/test_riscv_barycenter_f32.c,MATCH,@@RESULT@@ case=barycenter_riscv_barycenter_f32 hash=0x45e2b11c,@@RESULT@@ case=barycenter_riscv_barycenter_f32 hash=0x45e2b11c,/tmp/nmsis-f32-result-compare/sim/SupportFunctions__barycenter_riscv_barycenter_f32.log,/tmp/nmsis-f32-result-compare/host/SupportFunctions__barycenter_riscv_barycenter_f32.run.log,
SupportFunctions,copy_riscv_copy_f32,vendor/NMSIS/DSP/Benchmark/SupportFunctions/test_riscv_copy_f32.c,MATCH,@@RESULT@@ case=copy_riscv_copy_f32 hash=0x9789a599,@@RESULT@@ case=copy_riscv_copy_f32 hash=0x9789a599,/tmp/nmsis-f32-result-compare/sim/SupportFunctions__copy_riscv_copy_f32.log,/tmp/nmsis-f32-result-compare/host/SupportFunctions__copy_riscv_copy_f32.run.log,
SupportFunctions,fill_riscv_fill_f32,vendor/NMSIS/DSP/Benchmark/SupportFunctions/test_riscv_fill_f32.c,MATCH,@@RESULT@@ case=fill_riscv_fill_f32 hash=0x4e3ae1c5,@@RESULT@@ case=fill_riscv_fill_f32 hash=0x4e3ae1c5,/tmp/nmsis-f32-result-compare/sim/SupportFunctions__fill_riscv_fill_f32.log,/tmp/nmsis-f32-result-compare/host/SupportFunctions__fill_riscv_fill_f32.run.log,
SupportFunctions,weightedSum_riscv_weighted_average_f32,vendor/NMSIS/DSP/Benchmark/SupportFunctions/test_riscv_weighted_average_f32.c,MATCH,@@RESULT@@ case=weightedSum_riscv_weighted_average_f32 hash=0x44f33832,@@RESULT@@ case=weightedSum_riscv_weighted_average_f32 hash=0x44f33832,/tmp/nmsis-f32-result-compare/sim/SupportFunctions__weightedSum_riscv_weighted_average_f32.log,/tmp/nmsis-f32-result-compare/host/SupportFunctions__weightedSum_riscv_weighted_average_f32.run.log,
TransformFunctions,cfft_riscv_cfft_radix2_f32,vendor/NMSIS/DSP/Benchmark/TransformFunctions/cfft/test_riscv_cfft_radix2_f32.c,MATCH,@@RESULT@@ case=cfft_riscv_cfft_radix2_f32 hash=0x4b95f515,@@RESULT@@ case=cfft_riscv_cfft_radix2_f32 hash=0x4b95f515,/tmp/nmsis-f32-result-compare/sim/TransformFunctions__cfft_riscv_cfft_radix2_f32.log,/tmp/nmsis-f32-result-compare/host/TransformFunctions__cfft_riscv_cfft_radix2_f32.run.log,
TransformFunctions,cfft_riscv_cfft_radix4_f32,vendor/NMSIS/DSP/Benchmark/TransformFunctions/cfft/test_riscv_cfft_radix4_f32.c,MATCH,@@RESULT@@ case=cfft_riscv_cfft_radix4_f32 hash=0x4b95f515,@@RESULT@@ case=cfft_riscv_cfft_radix4_f32 hash=0x4b95f515,/tmp/nmsis-f32-result-compare/sim/TransformFunctions__cfft_riscv_cfft_radix4_f32.log,/tmp/nmsis-f32-result-compare/host/TransformFunctions__cfft_riscv_cfft_radix4_f32.run.log,
TransformFunctions,dct4_riscv_dct4_f32,vendor/NMSIS/DSP/Benchmark/TransformFunctions/dct4/test_riscv_dct4_f32.c,MATCH,@@RESULT@@ case=dct4_riscv_dct4_f32 hash=0x5acff689,@@RESULT@@ case=dct4_riscv_dct4_f32 hash=0x5acff689,/tmp/nmsis-f32-result-compare/sim/TransformFunctions__dct4_riscv_dct4_f32.log,/tmp/nmsis-f32-result-compare/host/TransformFunctions__dct4_riscv_dct4_f32.run.log,
TransformFunctions,rfft_riscv_rfft_f32,vendor/NMSIS/DSP/Benchmark/TransformFunctions/rfft/test_riscv_rfft_f32.c,MATCH,@@RESULT@@ case=rfft_riscv_rfft_f32 hash=0x3c0b08cf,@@RESULT@@ case=rfft_riscv_rfft_f32 hash=0x3c0b08cf,/tmp/nmsis-f32-result-compare/sim/TransformFunctions__rfft_riscv_rfft_f32.log,/tmp/nmsis-f32-result-compare/host/TransformFunctions__rfft_riscv_rfft_f32.run.log,
