system,suite,path,function,result,rc,kind,log
benchmark,BasicMathFunctions,vendor/NMSIS/DSP/Benchmark/BasicMathFunctions/test_riscv_abs_f32.c,abs_riscv_abs_f32,PASS,0,,/tmp/nmsis-f32-candidate-logs/BasicMathFunctions__abs_riscv_abs_f32.log
benchmark,BasicMathFunctions,vendor/NMSIS/DSP/Benchmark/BasicMathFunctions/test_riscv_add_f32.c,add_riscv_add_f32,PASS,0,,/tmp/nmsis-f32-candidate-logs/BasicMathFunctions__add_riscv_add_f32.log
benchmark,BasicMathFunctions,vendor/NMSIS/DSP/Benchmark/BasicMathFunctions/test_riscv_clip_f32.c,clip_riscv_clip_f32,PASS,0,,/tmp/nmsis-f32-candidate-logs/BasicMathFunctions__clip_riscv_clip_f32.log
benchmark,BasicMathFunctions,vendor/NMSIS/DSP/Benchmark/BasicMathFunctions/test_riscv_dot_prod_f32.c,dot_prod_riscv_dot_prod_f32,PASS,0,,/tmp/nmsis-f32-candidate-logs/BasicMathFunctions__dot_prod_riscv_dot_prod_f32.log
benchmark,BasicMathFunctions,vendor/NMSIS/DSP/Benchmark/BasicMathFunctions/test_riscv_mult_f32.c,mul_riscv_mul_f32,PASS,0,,/tmp/nmsis-f32-candidate-logs/BasicMathFunctions__mul_riscv_mul_f32.log
benchmark,BasicMathFunctions,vendor/NMSIS/DSP/Benchmark/BasicMathFunctions/test_riscv_negate_f32.c,negate_riscv_negate_f32,PASS,0,,/tmp/nmsis-f32-candidate-logs/BasicMathFunctions__negate_riscv_negate_f32.log
benchmark,BasicMathFunctions,vendor/NMSIS/DSP/Benchmark/BasicMathFunctions/test_riscv_offset_f32.c,offset_riscv_offset_f32,PASS,0,,/tmp/nmsis-f32-candidate-logs/BasicMathFunctions__offset_riscv_offset_f32.log
benchmark,BasicMathFunctions,vendor/NMSIS/DSP/Benchmark/BasicMathFunctions/test_riscv_scale_f32.c,scale_riscv_scale_f32,PASS,0,,/tmp/nmsis-f32-candidate-logs/BasicMathFunctions__scale_riscv_scale_f32.log
benchmark,BasicMathFunctions,vendor/NMSIS/DSP/Benchmark/BasicMathFunctions/test_riscv_sub_f32.c,sub_riscv_sub_f32,PASS,0,,/tmp/nmsis-f32-candidate-logs/BasicMathFunctions__sub_riscv_sub_f32.log
benchmark,BayesFunctions,vendor/NMSIS/DSP/Benchmark/BayesFunctions/test_riscv_gaussian_naive_bayes_predict_f32.c,bayes_riscv_gaussian_naive_bayes_predict_f32,FAIL,2,link_undefined,/tmp/nmsis-f32-candidate-logs/BayesFunctions__bayes_riscv_gaussian_naive_bayes_predict_f32.log
benchmark,ComplexMathFunctions,vendor/NMSIS/DSP/Benchmark/ComplexMathFunctions/test_riscv_cmplx_conj_f32.c,cmplx_conj_riscv_cmplx_conj_f32,PASS,0,,/tmp/nmsis-f32-candidate-logs/ComplexMathFunctions__cmplx_conj_riscv_cmplx_conj_f32.log
benchmark,ComplexMathFunctions,vendor/NMSIS/DSP/Benchmark/ComplexMathFunctions/test_riscv_cmplx_dot_prod_f32.c,cmplx_dot_prod_riscv_cmplx_dot_prod_f32,PASS,0,,/tmp/nmsis-f32-candidate-logs/ComplexMathFunctions__cmplx_dot_prod_riscv_cmplx_dot_prod_f32.log
benchmark,ComplexMathFunctions,vendor/NMSIS/DSP/Benchmark/ComplexMathFunctions/test_riscv_cmplx_mag_f32.c,cmplx_mag_riscv_cmplx_mag_f32,FAIL,2,link_undefined,/tmp/nmsis-f32-candidate-logs/ComplexMathFunctions__cmplx_mag_riscv_cmplx_mag_f32.log
benchmark,ComplexMathFunctions,vendor/NMSIS/DSP/Benchmark/ComplexMathFunctions/test_riscv_cmplx_mag_squared_f32.c,cmplx_mag_squared_riscv_cmplx_mag_squared_f32,PASS,0,,/tmp/nmsis-f32-candidate-logs/ComplexMathFunctions__cmplx_mag_squared_riscv_cmplx_mag_squared_f32.log
benchmark,ComplexMathFunctions,vendor/NMSIS/DSP/Benchmark/ComplexMathFunctions/test_riscv_cmplx_mult_cmplx_f32.c,cmplx_mult_cmplx_riscv_cmplx_mult_cmplx_f32,PASS,0,,/tmp/nmsis-f32-candidate-logs/ComplexMathFunctions__cmplx_mult_cmplx_riscv_cmplx_mult_cmplx_f32.log
benchmark,ComplexMathFunctions,vendor/NMSIS/DSP/Benchmark/ComplexMathFunctions/test_riscv_cmplx_mult_real_f32.c,cmplx_mult_real_riscv_cmplx_mult_real_f32,PASS,0,,/tmp/nmsis-f32-candidate-logs/ComplexMathFunctions__cmplx_mult_real_riscv_cmplx_mult_real_f32.log
benchmark,ControllerFunctions,vendor/NMSIS/DSP/Benchmark/ControllerFunctions/test_riscv_clarke_f32.c,clarke_riscv_clarke_f32,PASS,0,,/tmp/nmsis-f32-candidate-logs/ControllerFunctions__clarke_riscv_clarke_f32.log
benchmark,ControllerFunctions,vendor/NMSIS/DSP/Benchmark/ControllerFunctions/test_riscv_inv_clarke_f32.c,inv_clarke_riscv_inv_clarke_f32,PASS,0,,/tmp/nmsis-f32-candidate-logs/ControllerFunctions__inv_clarke_riscv_inv_clarke_f32.log
benchmark,ControllerFunctions,vendor/NMSIS/DSP/Benchmark/ControllerFunctions/test_riscv_inv_park_f32.c,inv_park_riscv_inv_park_f32,PASS,0,,/tmp/nmsis-f32-candidate-logs/ControllerFunctions__inv_park_riscv_inv_park_f32.log
benchmark,ControllerFunctions,vendor/NMSIS/DSP/Benchmark/ControllerFunctions/test_riscv_park_f32.c,park_riscv_park_f32,PASS,0,,/tmp/nmsis-f32-candidate-logs/ControllerFunctions__park_riscv_park_f32.log
benchmark,ControllerFunctions,vendor/NMSIS/DSP/Benchmark/ControllerFunctions/test_riscv_pid_f32.c,pid_riscv_pid_f32,PASS,0,,/tmp/nmsis-f32-candidate-logs/ControllerFunctions__pid_riscv_pid_f32.log
benchmark,ControllerFunctions,vendor/NMSIS/DSP/Benchmark/ControllerFunctions/test_riscv_sin_cos_f32.c,sin_cos_riscv_sin_cos_f32,FAIL,2,difftest_mismatch,/tmp/nmsis-f32-candidate-logs/ControllerFunctions__sin_cos_riscv_sin_cos_f32.log
benchmark,DistanceFunctions,vendor/NMSIS/DSP/Benchmark/DistanceFunctions/test_riscv_braycurtis_distance_f32.c,braycurtis_distance_riscv_braycurtis_distance_f32,PASS,0,,/tmp/nmsis-f32-candidate-logs/DistanceFunctions__braycurtis_distance_riscv_braycurtis_distance_f32.log
benchmark,DistanceFunctions,vendor/NMSIS/DSP/Benchmark/DistanceFunctions/test_riscv_canberra_distance_f32.c,canberra_distance_riscv_canberra_distance_f32,PASS,0,,/tmp/nmsis-f32-candidate-logs/DistanceFunctions__canberra_distance_riscv_canberra_distance_f32.log
benchmark,DistanceFunctions,vendor/NMSIS/DSP/Benchmark/DistanceFunctions/test_riscv_chebyshev_distance_f32.c,chebyshev_distance_riscv_chebyshev_distance_f32,PASS,0,,/tmp/nmsis-f32-candidate-logs/DistanceFunctions__chebyshev_distance_riscv_chebyshev_distance_f32.log
benchmark,DistanceFunctions,vendor/NMSIS/DSP/Benchmark/DistanceFunctions/test_riscv_cityblock_distance_f32.c,cityblock_distance_riscv_cityblock_distance_f32,PASS,0,,/tmp/nmsis-f32-candidate-logs/DistanceFunctions__cityblock_distance_riscv_cityblock_distance_f32.log
benchmark,DistanceFunctions,vendor/NMSIS/DSP/Benchmark/DistanceFunctions/test_riscv_correlation_distance_f32.c,correlation_distance_riscv_correlation_distance_f32,FAIL,2,link_undefined,/tmp/nmsis-f32-candidate-logs/DistanceFunctions__correlation_distance_riscv_correlation_distance_f32.log
benchmark,DistanceFunctions,vendor/NMSIS/DSP/Benchmark/DistanceFunctions/test_riscv_cosine_distance_f32.c,cosine_distance_riscv_cosine_distance_f32,FAIL,2,link_undefined,/tmp/nmsis-f32-candidate-logs/DistanceFunctions__cosine_distance_riscv_cosine_distance_f32.log
benchmark,DistanceFunctions,vendor/NMSIS/DSP/Benchmark/DistanceFunctions/test_riscv_euclidean_distance_f32.c,euclidean_distance_riscv_euclidean_distance_f32,FAIL,2,link_undefined,/tmp/nmsis-f32-candidate-logs/DistanceFunctions__euclidean_distance_riscv_euclidean_distance_f32.log
benchmark,DistanceFunctions,vendor/NMSIS/DSP/Benchmark/DistanceFunctions/test_riscv_jensenshannon_distance_f32.c,jensenshannon_distance_riscv_jensenshannon_distance_f32,FAIL,2,link_undefined,/tmp/nmsis-f32-candidate-logs/DistanceFunctions__jensenshannon_distance_riscv_jensenshannon_distance_f32.log
benchmark,DistanceFunctions,vendor/NMSIS/DSP/Benchmark/DistanceFunctions/test_riscv_minkowski_distance_f32.c,minkowski_distance_riscv_minkowski_distance_f32,FAIL,2,link_undefined,/tmp/nmsis-f32-candidate-logs/DistanceFunctions__minkowski_distance_riscv_minkowski_distance_f32.log
benchmark,FastMathFunctions,vendor/NMSIS/DSP/Benchmark/FastMathFunctions/test_riscv_atan2_f32.c,atan2_riscv_atan2_f32,FAIL,2,link_undefined,/tmp/nmsis-f32-candidate-logs/FastMathFunctions__atan2_riscv_atan2_f32.log
benchmark,FastMathFunctions,vendor/NMSIS/DSP/Benchmark/FastMathFunctions/test_riscv_cos_f32.c,cos_riscv_cos_f32,FAIL,2,difftest_mismatch,/tmp/nmsis-f32-candidate-logs/FastMathFunctions__cos_riscv_cos_f32.log
benchmark,FastMathFunctions,vendor/NMSIS/DSP/Benchmark/FastMathFunctions/test_riscv_sin_f32.c,sin_riscv_sin_f32,FAIL,2,difftest_mismatch,/tmp/nmsis-f32-candidate-logs/FastMathFunctions__sin_riscv_sin_f32.log
benchmark,FastMathFunctions,vendor/NMSIS/DSP/Benchmark/FastMathFunctions/test_riscv_sqrt_f32.c,sqrt_riscv_sqrt_f32,FAIL,2,link_undefined,/tmp/nmsis-f32-candidate-logs/FastMathFunctions__sqrt_riscv_sqrt_f32.log
benchmark,FastMathFunctions,vendor/NMSIS/DSP/Benchmark/FastMathFunctions/test_riscv_vexp_f32.c,vexp_riscv_vexp_f32,FAIL,2,link_undefined,/tmp/nmsis-f32-candidate-logs/FastMathFunctions__vexp_riscv_vexp_f32.log
benchmark,FastMathFunctions,vendor/NMSIS/DSP/Benchmark/FastMathFunctions/test_riscv_vlog_f32.c,vlog_riscv_vlog_f32,FAIL,2,link_undefined,/tmp/nmsis-f32-candidate-logs/FastMathFunctions__vlog_riscv_vlog_f32.log
benchmark,FilteringFunctions,vendor/NMSIS/DSP/Benchmark/FilteringFunctions/test_riscv_biquad_cascade_df1_f32.c,df1_riscv_biquad_cascade_df1_f32,PASS,0,,/tmp/nmsis-f32-candidate-logs/FilteringFunctions__df1_riscv_biquad_cascade_df1_f32.log
benchmark,FilteringFunctions,vendor/NMSIS/DSP/Benchmark/FilteringFunctions/test_riscv_biquad_cascade_df2T_f32.c,df2T_riscv_biquad_cascade_df2T_f32,PASS,0,,/tmp/nmsis-f32-candidate-logs/FilteringFunctions__df2T_riscv_biquad_cascade_df2T_f32.log
benchmark,FilteringFunctions,vendor/NMSIS/DSP/Benchmark/FilteringFunctions/test_riscv_biquad_cascade_stereo_df2T_f32.c,df2T_riscv_biquad_cascade_stereo_df2T_f32,PASS,0,,/tmp/nmsis-f32-candidate-logs/FilteringFunctions__df2T_riscv_biquad_cascade_stereo_df2T_f32.log
benchmark,FilteringFunctions,vendor/NMSIS/DSP/Benchmark/FilteringFunctions/test_riscv_conv_f32.c,conv_riscv_conv_f32,FAIL,124,timeout,/tmp/nmsis-f32-candidate-logs/FilteringFunctions__conv_riscv_conv_f32.log
benchmark,FilteringFunctions,vendor/NMSIS/DSP/Benchmark/FilteringFunctions/test_riscv_conv_partial_f32.c,convPartial_riscv_conv_partial_f32,PASS,0,,/tmp/nmsis-f32-candidate-logs/FilteringFunctions__convPartial_riscv_conv_partial_f32.log
benchmark,FilteringFunctions,vendor/NMSIS/DSP/Benchmark/FilteringFunctions/test_riscv_correlate_f32.c,correlate_riscv_correlate_f32,FAIL,124,timeout,/tmp/nmsis-f32-candidate-logs/FilteringFunctions__correlate_riscv_correlate_f32.log
benchmark,FilteringFunctions,vendor/NMSIS/DSP/Benchmark/FilteringFunctions/test_riscv_fir_decimate_f32.c,firDecimate_riscv_fir_decimate_f32,PASS,0,,/tmp/nmsis-f32-candidate-logs/FilteringFunctions__firDecimate_riscv_fir_decimate_f32.log
benchmark,FilteringFunctions,vendor/NMSIS/DSP/Benchmark/FilteringFunctions/test_riscv_fir_f32.c,fir_riscv_fir_f32,PASS,0,,/tmp/nmsis-f32-candidate-logs/FilteringFunctions__fir_riscv_fir_f32.log
benchmark,FilteringFunctions,vendor/NMSIS/DSP/Benchmark/FilteringFunctions/test_riscv_fir_interpolate_f32.c,firInterpolate_riscv_fir_interpolate_f32,PASS,0,,/tmp/nmsis-f32-candidate-logs/FilteringFunctions__firInterpolate_riscv_fir_interpolate_f32.log
benchmark,FilteringFunctions,vendor/NMSIS/DSP/Benchmark/FilteringFunctions/test_riscv_fir_lattice_f32.c,firLattice_riscv_fir_lattice_f32,PASS,0,,/tmp/nmsis-f32-candidate-logs/FilteringFunctions__firLattice_riscv_fir_lattice_f32.log
benchmark,FilteringFunctions,vendor/NMSIS/DSP/Benchmark/FilteringFunctions/test_riscv_fir_sparse_f32.c,firSparse_riscv_fir_sparse_f32,FAIL,2,difftest_mismatch,/tmp/nmsis-f32-candidate-logs/FilteringFunctions__firSparse_riscv_fir_sparse_f32.log
benchmark,FilteringFunctions,vendor/NMSIS/DSP/Benchmark/FilteringFunctions/test_riscv_iir_lattice_f32.c,iirLattice_riscv_iir_lattice_f32,PASS,0,,/tmp/nmsis-f32-candidate-logs/FilteringFunctions__iirLattice_riscv_iir_lattice_f32.log
benchmark,FilteringFunctions,vendor/NMSIS/DSP/Benchmark/FilteringFunctions/test_riscv_levinson_durbin_f32.c,levinsonDurbin_riscv_levinson_durbin_f32,PASS,0,,/tmp/nmsis-f32-candidate-logs/FilteringFunctions__levinsonDurbin_riscv_levinson_durbin_f32.log
benchmark,FilteringFunctions,vendor/NMSIS/DSP/Benchmark/FilteringFunctions/test_riscv_lms_f32.c,lms_riscv_lms_f32,FAIL,124,timeout,/tmp/nmsis-f32-candidate-logs/FilteringFunctions__lms_riscv_lms_f32.log
benchmark,FilteringFunctions,vendor/NMSIS/DSP/Benchmark/FilteringFunctions/test_riscv_lms_norm_f32.c,lmsNorm_riscv_lms_norm_f32,FAIL,124,timeout,/tmp/nmsis-f32-candidate-logs/FilteringFunctions__lmsNorm_riscv_lms_norm_f32.log
benchmark,InterpolationFunctions,vendor/NMSIS/DSP/Benchmark/InterpolationFunctions/test_riscv_bilinear_interp_f32.c,bilinear_riscv_bilinear_interp_f32,PASS,0,,/tmp/nmsis-f32-candidate-logs/InterpolationFunctions__bilinear_riscv_bilinear_interp_f32.log
benchmark,InterpolationFunctions,vendor/NMSIS/DSP/Benchmark/InterpolationFunctions/test_riscv_linear_interp_f32.c,linear_riscv_linear_interp_f32,FAIL,2,difftest_mismatch,/tmp/nmsis-f32-candidate-logs/InterpolationFunctions__linear_riscv_linear_interp_f32.log
benchmark,InterpolationFunctions,vendor/NMSIS/DSP/Benchmark/InterpolationFunctions/test_riscv_spline_f32.c,spline_riscv_spline_f32,PASS,0,,/tmp/nmsis-f32-candidate-logs/InterpolationFunctions__spline_riscv_spline_f32.log
benchmark,MatrixFunctions,vendor/NMSIS/DSP/Benchmark/MatrixFunctions/test_riscv_mat_add_f32.c,matAdd_riscv_mat_add_f32,PASS,0,,/tmp/nmsis-f32-candidate-logs/MatrixFunctions__matAdd_riscv_mat_add_f32.log
benchmark,MatrixFunctions,vendor/NMSIS/DSP/Benchmark/MatrixFunctions/test_riscv_mat_cholesky_f32.c,matCholesky_riscv_mat_cholesky_f32,FAIL,2,link_undefined,/tmp/nmsis-f32-candidate-logs/MatrixFunctions__matCholesky_riscv_mat_cholesky_f32.log
benchmark,MatrixFunctions,vendor/NMSIS/DSP/Benchmark/MatrixFunctions/test_riscv_mat_cmplx_mult_f32.c,matCmplxMult_riscv_mat_cmplx_mult_f32,PASS,0,,/tmp/nmsis-f32-candidate-logs/MatrixFunctions__matCmplxMult_riscv_mat_cmplx_mult_f32.log
benchmark,MatrixFunctions,vendor/NMSIS/DSP/Benchmark/MatrixFunctions/test_riscv_mat_inverse_f32.c,matInverse_riscv_mat_inverse_f32,FAIL,2,difftest_mismatch,/tmp/nmsis-f32-candidate-logs/MatrixFunctions__matInverse_riscv_mat_inverse_f32.log
benchmark,MatrixFunctions,vendor/NMSIS/DSP/Benchmark/MatrixFunctions/test_riscv_mat_ldlt_f32.c,matLdlt_riscv_mat_ldlt_f32,PASS,0,,/tmp/nmsis-f32-candidate-logs/MatrixFunctions__matLdlt_riscv_mat_ldlt_f32.log
benchmark,MatrixFunctions,vendor/NMSIS/DSP/Benchmark/MatrixFunctions/test_riscv_mat_mult_f32.c,matMult_riscv_mat_mult_f32,PASS,0,,/tmp/nmsis-f32-candidate-logs/MatrixFunctions__matMult_riscv_mat_mult_f32.log
benchmark,MatrixFunctions,vendor/NMSIS/DSP/Benchmark/MatrixFunctions/test_riscv_mat_scale_f32.c,matScale_riscv_mat_scale_f32,PASS,0,,/tmp/nmsis-f32-candidate-logs/MatrixFunctions__matScale_riscv_mat_scale_f32.log
benchmark,MatrixFunctions,vendor/NMSIS/DSP/Benchmark/MatrixFunctions/test_riscv_mat_solve_lower_triangular_f32.c,matSolveLower_riscv_mat_solve_lower_triangular_f32,PASS,0,,/tmp/nmsis-f32-candidate-logs/MatrixFunctions__matSolveLower_riscv_mat_solve_lower_triangular_f32.log
benchmark,MatrixFunctions,vendor/NMSIS/DSP/Benchmark/MatrixFunctions/test_riscv_mat_solve_upper_triangular_f32.c,matSolveUpper_riscv_mat_solve_upper_triangular_f32,FAIL,2,difftest_mismatch,/tmp/nmsis-f32-candidate-logs/MatrixFunctions__matSolveUpper_riscv_mat_solve_upper_triangular_f32.log
benchmark,MatrixFunctions,vendor/NMSIS/DSP/Benchmark/MatrixFunctions/test_riscv_mat_sub_f32.c,matSub_riscv_mat_sub_f32,PASS,0,,/tmp/nmsis-f32-candidate-logs/MatrixFunctions__matSub_riscv_mat_sub_f32.log
benchmark,MatrixFunctions,vendor/NMSIS/DSP/Benchmark/MatrixFunctions/test_riscv_mat_trans_f32.c,matTrans_riscv_mat_trans_f32,PASS,0,,/tmp/nmsis-f32-candidate-logs/MatrixFunctions__matTrans_riscv_mat_trans_f32.log
benchmark,MatrixFunctions,vendor/NMSIS/DSP/Benchmark/MatrixFunctions/test_riscv_mat_vec_mult_f32.c,matVecMult_riscv_mat_vec_mult_f32,PASS,0,,/tmp/nmsis-f32-candidate-logs/MatrixFunctions__matVecMult_riscv_mat_vec_mult_f32.log
benchmark,QuaternionMathFunctions,vendor/NMSIS/DSP/Benchmark/QuaternionMathFunctions/test_riscv_quaternion2rotation_f32.c,quaternion2Rotation_riscv_quaternion2rotation_f32,PASS,0,,/tmp/nmsis-f32-candidate-logs/QuaternionMathFunctions__quaternion2Rotation_riscv_quaternion2rotation_f32.log
benchmark,QuaternionMathFunctions,vendor/NMSIS/DSP/Benchmark/QuaternionMathFunctions/test_riscv_quaternion_conjugate_f32.c,quaternionConjugate_riscv_quaternion_conjugate_f32,PASS,0,,/tmp/nmsis-f32-candidate-logs/QuaternionMathFunctions__quaternionConjugate_riscv_quaternion_conjugate_f32.log
benchmark,QuaternionMathFunctions,vendor/NMSIS/DSP/Benchmark/QuaternionMathFunctions/test_riscv_quaternion_inverse_f32.c,quaternionInverse_riscv_quaternion_inverse_f32,PASS,0,,/tmp/nmsis-f32-candidate-logs/QuaternionMathFunctions__quaternionInverse_riscv_quaternion_inverse_f32.log
benchmark,QuaternionMathFunctions,vendor/NMSIS/DSP/Benchmark/QuaternionMathFunctions/test_riscv_quaternion_norm_f32.c,quaternionNorm_riscv_quaternion_norm_f32,FAIL,2,link_undefined,/tmp/nmsis-f32-candidate-logs/QuaternionMathFunctions__quaternionNorm_riscv_quaternion_norm_f32.log
benchmark,QuaternionMathFunctions,vendor/NMSIS/DSP/Benchmark/QuaternionMathFunctions/test_riscv_quaternion_normalize_f32.c,quaternionNormalize_riscv_quaternion_normalize_f32,FAIL,2,link_undefined,/tmp/nmsis-f32-candidate-logs/QuaternionMathFunctions__quaternionNormalize_riscv_quaternion_normalize_f32.log
benchmark,QuaternionMathFunctions,vendor/NMSIS/DSP/Benchmark/QuaternionMathFunctions/test_riscv_quaternion_product_f32.c,quaternionProduct_riscv_quaternion_product_f32,PASS,0,,/tmp/nmsis-f32-candidate-logs/QuaternionMathFunctions__quaternionProduct_riscv_quaternion_product_f32.log
benchmark,QuaternionMathFunctions,vendor/NMSIS/DSP/Benchmark/QuaternionMathFunctions/test_riscv_quaternion_product_single_f32.c,quaternionProductSingle_riscv_quaternion_product_single_f32,PASS,0,,/tmp/nmsis-f32-candidate-logs/QuaternionMathFunctions__quaternionProductSingle_riscv_quaternion_product_single_f32.log
benchmark,QuaternionMathFunctions,vendor/NMSIS/DSP/Benchmark/QuaternionMathFunctions/test_riscv_rotation2quaternion_f32.c,rotation2quaternion_riscv_rotation2quaternion_f32,FAIL,2,link_undefined,/tmp/nmsis-f32-candidate-logs/QuaternionMathFunctions__rotation2quaternion_riscv_rotation2quaternion_f32.log
benchmark,SVMFunctions,vendor/NMSIS/DSP/Benchmark/SVMFunctions/test_riscv_svm_linear_predict_f32.c,svm_riscv_svm_linear_predict_f32,PASS,0,,/tmp/nmsis-f32-candidate-logs/SVMFunctions__svm_riscv_svm_linear_predict_f32.log
benchmark,SVMFunctions,vendor/NMSIS/DSP/Benchmark/SVMFunctions/test_riscv_svm_polynomial_predict_f32.c,svm_riscv_svm_polynomial_predict_f32,PASS,0,,/tmp/nmsis-f32-candidate-logs/SVMFunctions__svm_riscv_svm_polynomial_predict_f32.log
benchmark,SVMFunctions,vendor/NMSIS/DSP/Benchmark/SVMFunctions/test_riscv_svm_rbf_predict_f32.c,svm_riscv_svm_rbf_predict_f32,FAIL,2,link_undefined,/tmp/nmsis-f32-candidate-logs/SVMFunctions__svm_riscv_svm_rbf_predict_f32.log
benchmark,SVMFunctions,vendor/NMSIS/DSP/Benchmark/SVMFunctions/test_riscv_svm_sigmoid_predict_f32.c,svm_riscv_svm_sigmoid_predict_f32,FAIL,2,link_undefined,/tmp/nmsis-f32-candidate-logs/SVMFunctions__svm_riscv_svm_sigmoid_predict_f32.log
benchmark,StatisticsFunctions,vendor/NMSIS/DSP/Benchmark/StatisticsFunctions/test_riscv_absmax_f32.c,absmax_riscv_absmax_f32,FAIL,2,difftest_mismatch,/tmp/nmsis-f32-candidate-logs/StatisticsFunctions__absmax_riscv_absmax_f32.log
benchmark,StatisticsFunctions,vendor/NMSIS/DSP/Benchmark/StatisticsFunctions/test_riscv_absmax_no_idx_f32.c,absmaxNoIdx_riscv_absmax_no_idx_f32,FAIL,2,difftest_mismatch,/tmp/nmsis-f32-candidate-logs/StatisticsFunctions__absmaxNoIdx_riscv_absmax_no_idx_f32.log
benchmark,StatisticsFunctions,vendor/NMSIS/DSP/Benchmark/StatisticsFunctions/test_riscv_absmin_f32.c,absmin_riscv_absmin_f32,PASS,0,,/tmp/nmsis-f32-candidate-logs/StatisticsFunctions__absmin_riscv_absmin_f32.log
benchmark,StatisticsFunctions,vendor/NMSIS/DSP/Benchmark/StatisticsFunctions/test_riscv_absmin_no_idx_f32.c,absminNoIdx_riscv_absmin_no_idx_f32,PASS,0,,/tmp/nmsis-f32-candidate-logs/StatisticsFunctions__absminNoIdx_riscv_absmin_no_idx_f32.log
benchmark,StatisticsFunctions,vendor/NMSIS/DSP/Benchmark/StatisticsFunctions/test_riscv_entropy_f32.c,entropy_riscv_entropy_f32,FAIL,2,link_undefined,/tmp/nmsis-f32-candidate-logs/StatisticsFunctions__entropy_riscv_entropy_f32.log
benchmark,StatisticsFunctions,vendor/NMSIS/DSP/Benchmark/StatisticsFunctions/test_riscv_kullback_leibler_f32.c,kullbackLeibler_riscv_kullback_leibler_f32,FAIL,2,link_undefined,/tmp/nmsis-f32-candidate-logs/StatisticsFunctions__kullbackLeibler_riscv_kullback_leibler_f32.log
benchmark,StatisticsFunctions,vendor/NMSIS/DSP/Benchmark/StatisticsFunctions/test_riscv_logsumexp_dot_prod_f32.c,logsumexpDotProd_riscv_logsumexp_dot_prod_f32,FAIL,2,link_undefined,/tmp/nmsis-f32-candidate-logs/StatisticsFunctions__logsumexpDotProd_riscv_logsumexp_dot_prod_f32.log
benchmark,StatisticsFunctions,vendor/NMSIS/DSP/Benchmark/StatisticsFunctions/test_riscv_logsumexp_f32.c,logsumexp_riscv_logsumexp_f32,FAIL,2,link_undefined,/tmp/nmsis-f32-candidate-logs/StatisticsFunctions__logsumexp_riscv_logsumexp_f32.log
benchmark,StatisticsFunctions,vendor/NMSIS/DSP/Benchmark/StatisticsFunctions/test_riscv_max_f32.c,max_riscv_max_f32,FAIL,2,difftest_mismatch,/tmp/nmsis-f32-candidate-logs/StatisticsFunctions__max_riscv_max_f32.log
benchmark,StatisticsFunctions,vendor/NMSIS/DSP/Benchmark/StatisticsFunctions/test_riscv_max_no_idx_f32.c,maxNoIdx_riscv_max_no_idx_f32,FAIL,2,difftest_mismatch,/tmp/nmsis-f32-candidate-logs/StatisticsFunctions__maxNoIdx_riscv_max_no_idx_f32.log
benchmark,StatisticsFunctions,vendor/NMSIS/DSP/Benchmark/StatisticsFunctions/test_riscv_mean_f32.c,mean_riscv_mean_f32,PASS,0,,/tmp/nmsis-f32-candidate-logs/StatisticsFunctions__mean_riscv_mean_f32.log
benchmark,StatisticsFunctions,vendor/NMSIS/DSP/Benchmark/StatisticsFunctions/test_riscv_min_f32.c,min_riscv_min_f32,FAIL,2,difftest_mismatch,/tmp/nmsis-f32-candidate-logs/StatisticsFunctions__min_riscv_min_f32.log
benchmark,StatisticsFunctions,vendor/NMSIS/DSP/Benchmark/StatisticsFunctions/test_riscv_min_no_idx_f32.c,minNoIdx_riscv_min_no_idx_f32,FAIL,2,difftest_mismatch,/tmp/nmsis-f32-candidate-logs/StatisticsFunctions__minNoIdx_riscv_min_no_idx_f32.log
benchmark,StatisticsFunctions,vendor/NMSIS/DSP/Benchmark/StatisticsFunctions/test_riscv_mse_f32.c,mse_riscv_mse_f32,PASS,0,,/tmp/nmsis-f32-candidate-logs/StatisticsFunctions__mse_riscv_mse_f32.log
benchmark,StatisticsFunctions,vendor/NMSIS/DSP/Benchmark/StatisticsFunctions/test_riscv_power_f32.c,power_riscv_power_f32,PASS,0,,/tmp/nmsis-f32-candidate-logs/StatisticsFunctions__power_riscv_power_f32.log
benchmark,StatisticsFunctions,vendor/NMSIS/DSP/Benchmark/StatisticsFunctions/test_riscv_rms_f32.c,rms_riscv_rms_f32,FAIL,2,link_undefined,/tmp/nmsis-f32-candidate-logs/StatisticsFunctions__rms_riscv_rms_f32.log
benchmark,StatisticsFunctions,vendor/NMSIS/DSP/Benchmark/StatisticsFunctions/test_riscv_std_f32.c,std_riscv_std_f32,FAIL,2,link_undefined,/tmp/nmsis-f32-candidate-logs/StatisticsFunctions__std_riscv_std_f32.log
benchmark,StatisticsFunctions,vendor/NMSIS/DSP/Benchmark/StatisticsFunctions/test_riscv_var_f32.c,var_riscv_var_f32,PASS,0,,/tmp/nmsis-f32-candidate-logs/StatisticsFunctions__var_riscv_var_f32.log
benchmark,SupportFunctions,vendor/NMSIS/DSP/Benchmark/SupportFunctions/test_riscv_barycenter_f32.c,barycenter_riscv_barycenter_f32,PASS,0,,/tmp/nmsis-f32-candidate-logs/SupportFunctions__barycenter_riscv_barycenter_f32.log
benchmark,SupportFunctions,vendor/NMSIS/DSP/Benchmark/SupportFunctions/test_riscv_copy_f32.c,copy_riscv_copy_f32,PASS,0,,/tmp/nmsis-f32-candidate-logs/SupportFunctions__copy_riscv_copy_f32.log
benchmark,SupportFunctions,vendor/NMSIS/DSP/Benchmark/SupportFunctions/test_riscv_fill_f32.c,fill_riscv_fill_f32,PASS,0,,/tmp/nmsis-f32-candidate-logs/SupportFunctions__fill_riscv_fill_f32.log
benchmark,SupportFunctions,vendor/NMSIS/DSP/Benchmark/SupportFunctions/test_riscv_merge_sort_f32.c,mergeSort_riscv_merge_sort_f32,FAIL,2,difftest_mismatch,/tmp/nmsis-f32-candidate-logs/SupportFunctions__mergeSort_riscv_merge_sort_f32.log
benchmark,SupportFunctions,vendor/NMSIS/DSP/Benchmark/SupportFunctions/test_riscv_sort_f32.c,sort_riscv_sort_f32,FAIL,2,difftest_mismatch,/tmp/nmsis-f32-candidate-logs/SupportFunctions__sort_riscv_sort_f32.log
benchmark,SupportFunctions,vendor/NMSIS/DSP/Benchmark/SupportFunctions/test_riscv_weighted_average_f32.c,weightedSum_riscv_weighted_average_f32,PASS,0,,/tmp/nmsis-f32-candidate-logs/SupportFunctions__weightedSum_riscv_weighted_average_f32.log
benchmark,TransformFunctions,vendor/NMSIS/DSP/Benchmark/TransformFunctions/cfft/test_riscv_cfft_f32.c,cfft_riscv_cfft_f32,FAIL,2,difftest_mismatch,/tmp/nmsis-f32-candidate-logs/TransformFunctions__cfft_riscv_cfft_f32.log
benchmark,TransformFunctions,vendor/NMSIS/DSP/Benchmark/TransformFunctions/cfft/test_riscv_cfft_radix2_f32.c,cfft_riscv_cfft_radix2_f32,PASS,0,,/tmp/nmsis-f32-candidate-logs/TransformFunctions__cfft_riscv_cfft_radix2_f32.log
benchmark,TransformFunctions,vendor/NMSIS/DSP/Benchmark/TransformFunctions/cfft/test_riscv_cfft_radix4_f32.c,cfft_riscv_cfft_radix4_f32,PASS,0,,/tmp/nmsis-f32-candidate-logs/TransformFunctions__cfft_riscv_cfft_radix4_f32.log
benchmark,TransformFunctions,vendor/NMSIS/DSP/Benchmark/TransformFunctions/dct4/test_riscv_dct4_f32.c,dct4_riscv_dct4_f32,PASS,0,,/tmp/nmsis-f32-candidate-logs/TransformFunctions__dct4_riscv_dct4_f32.log
benchmark,TransformFunctions,vendor/NMSIS/DSP/Benchmark/TransformFunctions/rfft/test_riscv_rfft_f32.c,rfft_riscv_rfft_f32,PASS,0,,/tmp/nmsis-f32-candidate-logs/TransformFunctions__rfft_riscv_rfft_f32.log
benchmark,TransformFunctions,vendor/NMSIS/DSP/Benchmark/TransformFunctions/rfft/test_riscv_rfft_fast_f32.c,rfft_riscv_rfft_fast_f32,FAIL,2,difftest_mismatch,/tmp/nmsis-f32-candidate-logs/TransformFunctions__rfft_riscv_rfft_fast_f32.log
